state,crop,season,rainfall_mm,avg_temp_c,max_temp_c,min_temp_c,humidity_pct,soil_ph,nitrogen_kg_ha,phosphorus_kg_ha,potassium_kg_ha,area_hectares,pesticide_kg,irrigation_mm,yield_tons_per_hectare
Karnataka,Wheat,Zaid,1015.1,30.7,35.27,20.85,66.53,6.31,32.81,32.52,39.1,23.21,9.84,1022.76,5.34
Haryana,Maize,Rabi,931.13,21.21,30.17,13.42,62.78,6.09,117.07,54.66,65.59,5.27,7.27,243.8,5.882
Bihar,Soybean,Zaid,760.59,23.44,29.66,16.62,78.55,6.43,67.57,21.35,58.54,11.21,12.57,900.27,4.082
Uttar Pradesh,Soybean,Zaid,901.08,26.58,32.31,18.49,67.68,6.91,20.74,49.35,58.22,17.78,11.82,658.92,3.673
Haryana,Wheat,Kharif,659.52,30.84,38.23,22.25,66.95,6.85,75.92,25.2,17.0,11.2,3.61,608.53,4.446
Haryana,Wheat,Kharif,647.72,28.49,34.25,20.51,59.87,6.6,86.43,30.32,67.91,4.59,0.83,290.05,4.911
Uttar Pradesh,Soybean,Rabi,852.75,28.4,36.58,21.73,63.82,6.25,83.03,28.09,20.7,3.39,14.45,1108.58,3.527
Haryana,Wheat,Rabi,1135.83,24.22,32.52,17.52,62.53,5.93,110.26,32.79,28.15,8.0,8.9,376.77,5.335
Maharashtra,Wheat,Zaid,901.19,26.11,33.61,18.21,52.72,6.61,24.16,34.7,36.44,4.04,2.0,787.64,5.048
Bihar,Soybean,Kharif,764.24,19.12,26.66,14.98,47.35,5.89,98.27,14.14,46.63,12.52,14.1,771.73,2.901
Bihar,Soybean,Kharif,758.62,22.94,27.07,13.98,66.88,6.4,75.4,15.43,58.7,7.39,10.06,926.99,3.964
Punjab,Rice,Kharif,740.15,20.08,24.3,12.75,90.54,6.01,100.83,25.86,76.94,7.63,7.97,455.97,5.785
Karnataka,Rice,Kharif,580.37,19.61,28.96,11.12,66.92,6.43,71.89,25.8,65.18,16.71,5.92,294.47,6.078
Haryana,Wheat,Rabi,580.62,19.16,23.9,10.17,62.85,6.27,79.94,53.73,27.77,8.1,11.77,1171.83,5.306
Bihar,Maize,Kharif,1159.65,26.45,34.52,21.72,64.42,5.99,78.11,19.99,67.27,18.03,11.22,331.06,5.08
Haryana,Wheat,Zaid,1070.61,28.69,38.42,22.97,56.65,6.37,75.52,41.7,21.88,3.94,6.58,1166.23,6.46
Uttar Pradesh,Rice,Zaid,528.04,23.05,27.15,18.39,56.25,6.11,43.26,36.54,54.39,21.76,9.25,612.57,5.156
Karnataka,Soybean,Kharif,463.3,18.66,24.15,13.24,51.84,7.6,30.53,13.33,53.64,4.08,12.46,510.33,2.617
Karnataka,Barley,Zaid,767.25,25.33,30.02,21.2,61.8,6.64,25.34,39.56,59.25,10.14,5.11,704.53,4.556
Bihar,Wheat,Zaid,919.63,25.51,31.01,18.09,69.63,6.04,57.36,36.19,21.61,20.92,1.25,1124.84,4.966
Uttar Pradesh,Barley,Zaid,605.71,23.64,32.32,15.79,61.49,6.44,73.61,35.71,70.74,11.84,6.08,839.56,4.918
Punjab,Barley,Kharif,463.52,27.64,33.04,21.43,75.37,6.3,57.95,44.29,34.3,23.75,13.79,680.91,4.446
Bihar,Maize,Rabi,946.58,30.14,37.34,22.34,56.63,7.09,40.24,44.74,70.95,3.74,9.41,295.1,5.598
Punjab,Barley,Rabi,504.15,25.67,35.42,16.86,83.13,6.88,99.51,57.3,31.47,14.96,1.88,816.17,4.759
Punjab,Wheat,Rabi,345.92,27.52,36.11,18.73,84.39,5.26,113.12,15.99,22.61,2.65,10.04,618.61,4.323
Uttar Pradesh,Cotton,Kharif,1085.06,27.16,35.74,21.54,54.64,6.41,35.76,17.39,75.85,11.23,6.06,929.69,3.558
Maharashtra,Barley,Zaid,1035.76,26.06,35.98,17.75,75.1,6.83,105.05,41.85,22.92,14.91,10.45,212.3,5.47
Uttar Pradesh,Soybean,Zaid,574.64,17.99,24.65,12.18,71.29,6.67,31.06,59.85,72.15,7.46,12.64,306.42,3.547
Uttar Pradesh,Cotton,Kharif,966.61,22.48,27.33,13.82,74.85,6.26,85.63,11.81,15.35,1.77,9.29,1001.48,3.134
Bihar,Barley,Kharif,700.78,29.75,39.31,21.11,78.07,7.3,24.02,20.09,23.12,12.86,11.31,830.01,3.421
Uttar Pradesh,Maize,Kharif,654.61,24.21,32.47,14.33,48.41,6.74,81.63,12.12,72.47,17.88,3.01,291.72,4.77
Bihar,Soybean,Rabi,706.06,28.14,35.96,20.7,69.34,7.29,50.13,38.9,60.49,16.41,14.14,348.44,3.449
Bihar,Soybean,Rabi,1306.94,26.35,32.02,20.52,54.85,6.7,83.46,30.59,41.57,5.83,9.03,517.04,4.409
Maharashtra,Maize,Kharif,1276.19,31.53,38.96,24.14,60.12,6.33,85.24,25.81,66.18,13.95,6.76,826.01,6.553
Uttar Pradesh,Barley,Rabi,870.13,28.9,35.93,21.78,55.65,6.76,103.74,34.71,22.53,2.27,12.71,255.57,4.471
Maharashtra,Soybean,Rabi,782.09,30.68,39.13,26.59,41.11,5.6,57.23,17.68,54.05,3.43,5.79,1158.43,4.481
Maharashtra,Maize,Zaid,952.32,18.2,24.52,10.35,63.97,6.97,72.51,18.19,25.78,20.99,14.84,755.97,4.432
Bihar,Rice,Zaid,807.9,33.02,39.37,28.54,66.58,6.65,66.93,17.53,26.76,22.72,1.15,432.85,5.667
Bihar,Rice,Rabi,323.26,22.07,27.53,13.01,67.97,6.39,87.02,48.15,18.78,9.48,8.32,538.46,5.62
Maharashtra,Cotton,Kharif,915.21,36.18,43.2,26.72,55.96,5.88,54.06,34.94,49.54,3.07,6.28,1117.34,3.462
Punjab,Maize,Kharif,1012.67,25.2,34.77,18.51,67.26,5.63,20.73,23.9,60.7,16.03,14.74,820.36,5.179
Uttar Pradesh,Maize,Zaid,929.96,13.95,23.73,5.26,52.13,6.93,93.24,32.0,50.95,16.53,14.56,1184.58,5.3
Bihar,Soybean,Zaid,756.74,17.74,21.99,9.08,58.75,6.99,66.5,58.9,41.75,19.95,1.73,755.46,3.964
Bihar,Soybean,Kharif,1017.84,28.24,34.48,23.95,52.59,6.64,91.33,48.69,71.25,18.62,12.11,248.96,4.213
Haryana,Wheat,Rabi,857.06,27.34,35.41,23.17,58.6,6.25,87.16,21.88,70.43,9.03,12.87,498.94,4.659
Maharashtra,Barley,Rabi,787.03,25.05,30.18,20.54,71.29,5.6,100.74,59.94,34.26,10.49,2.48,774.87,4.608
Maharashtra,Wheat,Rabi,1256.52,25.13,31.32,20.73,72.05,6.69,65.33,41.73,37.31,10.8,14.41,951.96,5.67
Haryana,Barley,Zaid,832.05,17.47,23.42,8.02,58.73,5.0,79.07,42.67,34.46,6.41,5.18,355.44,5.191
Haryana,Wheat,Rabi,813.28,30.08,36.94,20.12,58.74,6.24,38.52,38.11,21.62,16.5,14.35,712.73,4.656
Punjab,Soybean,Kharif,354.61,21.87,26.11,16.39,53.44,5.95,71.61,25.63,18.31,3.23,6.08,260.53,2.644
Bihar,Maize,Kharif,801.26,29.24,33.25,24.57,52.58,6.49,70.82,34.48,36.65,11.07,11.82,1041.2,4.953
Haryana,Rice,Kharif,348.24,18.52,26.62,13.15,68.39,6.96,24.86,33.04,61.25,4.19,1.19,338.21,5.146
Bihar,Wheat,Kharif,1027.54,17.9,25.62,12.45,79.25,5.89,104.94,10.24,70.47,15.67,2.86,972.94,5.457
Haryana,Rice,Kharif,784.16,20.92,28.55,11.02,78.63,5.95,51.84,49.96,54.05,5.8,6.5,517.64,6.129
Uttar Pradesh,Barley,Kharif,868.4,23.22,31.57,14.97,85.75,7.32,109.0,39.69,23.19,4.02,10.55,372.94,4.88
Bihar,Maize,Kharif,838.74,25.6,35.56,18.09,65.14,6.65,108.04,36.81,55.42,7.19,1.23,794.57,5.93
Bihar,Maize,Rabi,823.01,30.98,36.37,21.74,65.47,5.99,75.35,29.81,59.05,18.28,8.72,958.42,4.576
Maharashtra,Barley,Kharif,897.79,24.99,33.77,17.87,58.95,6.12,108.97,29.75,59.37,4.16,14.44,378.44,5.387
Bihar,Barley,Zaid,594.34,15.42,23.82,6.15,65.37,6.43,94.17,46.56,65.89,14.46,2.02,1103.97,4.659
Uttar Pradesh,Barley,Zaid,778.22,33.14,41.6,29.0,87.86,6.52,91.93,54.38,40.65,8.32,9.33,780.99,4.537
Karnataka,Wheat,Rabi,742.25,30.54,36.81,24.18,65.17,6.7,88.46,26.97,77.07,6.47,1.93,953.5,5.68
Haryana,Barley,Rabi,1032.83,19.29,26.42,12.48,64.44,6.67,68.15,57.97,57.41,12.64,2.11,452.44,5.178
Haryana,Rice,Zaid,899.62,30.74,40.63,21.02,51.88,6.67,50.45,37.64,21.3,21.22,9.44,742.36,5.539
Haryana,Barley,Kharif,781.42,31.25,38.75,22.84,70.75,5.58,60.49,48.0,65.2,5.57,14.15,320.66,4.182
Maharashtra,Soybean,Kharif,613.23,22.24,28.72,15.54,57.53,7.09,105.13,53.73,37.06,13.51,4.1,444.8,4.114
Bihar,Rice,Kharif,876.23,23.14,30.25,16.2,62.96,6.75,63.46,16.59,23.17,23.83,7.49,1153.21,6.075
Bihar,Maize,Rabi,830.67,30.7,35.42,21.2,75.64,6.79,66.5,30.02,49.57,5.09,14.83,1018.31,3.651
Maharashtra,Rice,Rabi,949.39,28.39,34.44,24.09,81.45,6.21,82.27,47.54,66.59,5.69,13.89,637.99,6.242
Karnataka,Soybean,Kharif,793.72,22.29,29.04,17.51,61.61,6.44,59.29,56.09,35.75,18.29,7.19,859.95,3.696
Maharashtra,Barley,Kharif,951.94,18.35,23.41,10.28,69.49,6.88,64.96,54.62,63.73,24.8,8.21,860.0,5.446
Uttar Pradesh,Maize,Zaid,1139.26,25.45,32.82,17.13,66.45,6.58,61.93,42.35,37.25,10.5,6.88,325.81,5.515
Uttar Pradesh,Maize,Kharif,767.53,29.78,33.9,23.82,82.31,6.2,106.06,22.33,58.41,3.67,4.49,338.65,5.229
Bihar,Rice,Zaid,940.16,29.08,37.29,19.36,38.84,6.52,82.55,26.02,78.45,10.29,10.44,223.23,5.822
Bihar,Barley,Zaid,1066.95,23.21,32.83,14.09,53.54,7.08,68.98,41.61,36.72,6.48,13.73,1123.87,4.818
Punjab,Barley,Zaid,805.1,26.55,33.43,19.81,82.66,6.59,48.93,22.89,53.09,10.54,3.67,1016.06,5.047
Haryana,Soybean,Rabi,836.74,20.64,29.43,11.61,64.07,6.38,31.57,29.5,79.91,5.22,2.73,622.8,4.871
Haryana,Barley,Zaid,903.63,25.24,33.99,19.62,66.32,6.26,31.18,51.63,26.46,10.88,8.51,700.77,4.869
Karnataka,Barley,Zaid,705.67,32.13,36.7,23.76,76.68,7.25,66.12,31.24,18.34,16.97,5.62,987.46,3.777
Bihar,Barley,Zaid,1034.85,33.44,42.25,26.49,62.11,6.56,107.91,14.8,24.98,13.58,1.48,252.81,4.592
Maharashtra,Maize,Kharif,798.12,25.08,32.99,16.14,63.82,6.35,106.08,51.16,50.03,20.57,1.84,594.48,6.162
Haryana,Cotton,Kharif,830.46,26.02,32.81,19.81,40.98,6.17,95.15,15.95,20.59,4.82,3.04,1023.11,3.811
Bihar,Soybean,Zaid,909.98,23.19,29.88,16.84,65.02,7.38,107.29,19.62,29.35,16.57,4.69,934.73,3.977
Maharashtra,Soybean,Rabi,1246.38,23.94,28.24,16.33,42.1,6.43,61.87,47.9,68.73,14.25,6.09,470.7,4.932
Haryana,Soybean,Kharif,1038.03,22.0,26.4,17.99,48.48,6.31,84.63,18.6,72.87,12.01,7.4,1135.54,4.798
Maharashtra,Maize,Kharif,579.84,21.37,26.65,16.77,49.13,6.21,37.61,16.73,70.92,8.35,5.73,255.27,5.115
Haryana,Cotton,Rabi,1045.09,23.55,32.88,13.98,33.18,5.67,31.53,40.98,22.93,21.38,11.44,1019.81,3.772
Maharashtra,Wheat,Zaid,965.27,29.64,39.34,22.18,71.79,6.17,117.86,34.93,47.09,24.29,6.02,597.53,5.524
Punjab,Wheat,Rabi,975.52,29.09,33.71,19.89,52.98,7.51,60.87,31.58,56.15,23.21,14.03,591.49,4.674
Bihar,Rice,Rabi,674.68,27.51,34.84,21.59,74.29,6.48,29.46,18.3,62.0,10.03,3.61,762.67,5.464
Haryana,Cotton,Rabi,666.07,29.31,36.89,21.3,83.44,7.37,59.25,56.2,52.63,0.61,1.06,880.42,3.924
Maharashtra,Wheat,Kharif,372.46,15.93,22.72,11.9,68.01,5.7,107.88,28.65,51.73,7.12,2.83,974.91,4.265
Karnataka,Soybean,Kharif,1036.01,18.12,27.26,13.0,53.42,6.53,57.45,15.06,67.71,12.3,8.68,1182.14,3.765
Bihar,Barley,Rabi,773.54,20.1,28.87,11.07,69.85,6.84,107.43,11.2,48.83,11.86,10.51,363.39,4.292
Maharashtra,Maize,Kharif,506.17,27.14,33.91,20.01,45.93,6.43,38.85,27.21,21.29,23.71,6.37,1008.97,5.017
Karnataka,Rice,Kharif,1446.36,24.93,31.51,18.34,70.27,6.18,119.35,57.94,17.63,17.79,4.88,1102.99,7.417
Bihar,Cotton,Kharif,565.79,27.76,36.77,22.83,60.49,6.2,76.74,29.86,43.93,2.05,14.55,510.65,2.954
Haryana,Cotton,Kharif,1142.3,32.23,40.48,23.25,74.95,6.74,114.34,16.35,66.73,13.87,8.38,1098.92,4.832
Uttar Pradesh,Barley,Rabi,219.25,24.41,30.73,18.24,66.13,7.25,27.74,48.99,43.99,23.3,9.38,235.18,3.821
Haryana,Barley,Kharif,982.58,25.09,34.7,15.22,79.19,6.31,35.36,13.17,27.68,14.43,13.73,737.22,4.186
Haryana,Barley,Zaid,757.85,37.15,46.33,27.46,81.41,5.99,42.59,31.89,76.47,9.77,11.68,740.48,4.143
Haryana,Cotton,Kharif,649.48,30.12,35.49,21.79,73.95,6.34,38.79,15.37,47.35,13.23,7.87,636.67,1.807
Maharashtra,Cotton,Kharif,1096.58,22.68,27.08,15.12,82.26,6.41,25.08,59.07,45.49,22.47,7.4,260.33,4.022
Uttar Pradesh,Soybean,Rabi,1172.78,25.43,34.57,17.64,86.42,6.71,87.19,58.03,39.11,10.91,12.28,705.76,4.352
Maharashtra,Soybean,Rabi,536.03,17.16,21.95,11.97,64.84,5.14,109.47,23.63,22.2,23.92,2.74,397.67,3.476
Haryana,Rice,Rabi,922.59,29.89,34.94,23.74,48.52,6.7,47.34,25.42,23.27,13.98,10.72,269.93,4.987
Uttar Pradesh,Barley,Kharif,596.98,29.56,36.25,20.64,57.5,7.3,37.64,33.37,40.48,6.4,11.4,513.85,3.888
Punjab,Maize,Kharif,1047.03,16.01,21.43,7.43,56.42,7.29,84.3,53.36,79.92,15.53,13.4,1108.61,5.585
Maharashtra,Maize,Rabi,1113.67,25.15,32.01,18.18,71.66,6.69,75.22,51.83,22.06,6.02,12.0,1047.84,5.383
Punjab,Soybean,Zaid,1034.78,27.18,32.79,19.55,62.16,5.43,75.7,24.81,26.04,5.28,1.34,1149.29,4.074
Bihar,Barley,Kharif,711.76,22.36,27.41,13.49,63.25,6.26,34.01,43.89,67.94,6.26,4.51,1164.52,4.847
Bihar,Wheat,Rabi,855.53,24.9,33.53,18.63,47.56,5.74,20.43,38.56,79.62,1.45,3.52,718.91,5.546
Punjab,Maize,Zaid,823.74,17.9,24.12,12.76,53.18,6.23,67.94,53.09,56.75,17.41,14.75,611.84,5.141
Punjab,Rice,Zaid,615.13,25.73,30.31,18.92,47.94,6.31,66.38,24.47,66.74,22.74,12.14,466.03,5.477
Haryana,Rice,Kharif,867.29,22.61,29.02,17.26,43.68,6.69,23.51,18.1,56.55,19.68,3.56,1117.4,6.286
Punjab,Rice,Zaid,932.51,31.39,37.22,23.68,66.75,6.49,98.08,56.93,62.34,11.31,13.21,727.46,5.931
Uttar Pradesh,Rice,Kharif,318.9,29.24,34.67,22.22,63.57,7.2,59.51,49.34,74.35,6.54,11.18,877.97,5.472
Maharashtra,Soybean,Kharif,462.84,29.76,39.27,19.85,51.8,6.44,67.39,59.33,21.1,10.6,13.2,484.05,3.134
Maharashtra,Soybean,Rabi,498.43,26.68,32.48,18.05,45.62,7.09,85.85,51.48,16.59,5.89,10.82,763.52,4.17
Maharashtra,Maize,Kharif,731.57,27.24,33.62,17.57,58.58,5.56,106.66,47.3,72.57,5.79,8.2,979.27,6.377
Haryana,Maize,Zaid,894.8,20.36,28.62,12.55,37.1,6.64,67.61,32.48,56.63,5.44,13.38,1011.75,4.416
Punjab,Barley,Rabi,627.21,26.63,36.16,20.64,72.28,5.7,29.0,16.01,19.63,24.75,1.57,332.54,3.296
Karnataka,Wheat,Zaid,866.12,26.19,35.48,18.36,62.43,5.63,64.74,27.3,45.4,4.66,12.05,460.7,4.902
Uttar Pradesh,Soybean,Kharif,561.4,29.36,38.49,24.89,68.77,6.2,41.66,44.45,74.14,7.73,8.75,489.83,3.723
Karnataka,Barley,Kharif,1348.88,20.85,25.66,12.69,55.67,6.12,27.41,32.34,41.59,2.62,3.72,640.96,5.913
Bihar,Soybean,Kharif,750.7,26.36,33.2,19.36,78.43,6.68,69.18,36.43,54.13,18.57,1.54,715.69,3.306
Bihar,Soybean,Rabi,1001.31,32.06,41.84,25.36,68.62,7.11,29.52,10.03,43.08,19.35,11.14,232.15,3.003
Punjab,Barley,Kharif,752.54,25.8,31.76,17.95,60.08,6.56,43.07,55.29,47.51,19.02,12.82,1198.83,4.12
Haryana,Barley,Zaid,848.43,26.85,34.35,16.89,76.19,6.79,83.9,53.0,75.64,5.49,8.16,1032.84,5.649
Haryana,Barley,Rabi,657.26,24.87,33.66,19.25,51.59,6.75,76.08,35.28,56.38,10.5,11.36,533.55,4.397
Punjab,Barley,Rabi,1043.37,18.51,25.19,13.15,65.39,5.83,22.12,25.82,26.51,16.57,4.49,264.95,4.215
Uttar Pradesh,Barley,Rabi,1079.62,27.97,35.61,21.3,51.98,7.35,100.28,54.65,15.72,4.88,13.61,749.49,5.217
Haryana,Wheat,Zaid,726.4,22.92,30.52,13.2,43.06,6.94,67.72,27.98,29.59,1.63,5.61,911.41,5.351
Karnataka,Rice,Rabi,616.02,27.0,35.86,18.73,77.29,6.03,80.34,22.28,17.77,5.98,7.1,613.93,5.267
Uttar Pradesh,Cotton,Kharif,727.99,31.36,40.93,27.25,72.43,5.8,21.21,48.15,78.06,22.69,14.58,750.32,3.347
Punjab,Wheat,Zaid,179.52,22.92,30.35,18.0,47.41,5.84,92.98,52.45,45.71,12.99,5.03,1169.46,4.887
Maharashtra,Cotton,Kharif,1011.13,17.4,24.19,7.75,80.52,5.69,105.96,28.91,70.36,6.42,9.47,1126.67,4.194
Karnataka,Wheat,Zaid,766.47,16.99,25.03,10.95,54.55,7.7,95.38,24.26,36.78,21.22,8.04,1042.73,5.553
Bihar,Barley,Zaid,787.0,23.07,32.38,16.13,61.75,6.36,88.75,12.37,33.63,3.92,6.9,614.35,4.426
Maharashtra,Rice,Kharif,1223.25,19.3,27.21,14.65,67.61,7.45,65.65,29.7,67.67,9.76,8.19,793.52,6.323
Karnataka,Wheat,Rabi,681.21,21.97,26.57,13.27,71.54,6.64,80.14,48.19,33.51,19.8,9.67,1129.16,6.366
Maharashtra,Soybean,Kharif,945.48,27.26,33.28,17.33,63.87,5.83,104.27,26.2,46.19,24.46,7.39,330.92,4.125
Karnataka,Maize,Zaid,704.73,28.91,38.49,21.89,55.52,6.58,70.45,52.98,44.14,7.35,12.9,589.89,4.791
Haryana,Barley,Zaid,995.09,24.02,30.37,18.81,59.45,7.1,87.48,23.17,38.09,9.05,10.89,666.51,4.421
Bihar,Rice,Kharif,995.3,28.49,37.89,22.43,74.2,5.77,32.39,21.92,63.56,3.7,12.2,1136.91,5.14
Maharashtra,Wheat,Zaid,531.66,34.61,39.59,27.5,61.29,6.4,81.31,10.71,75.3,6.98,1.07,308.25,3.993
Haryana,Soybean,Rabi,862.43,19.57,25.84,13.26,39.13,5.95,28.97,11.26,28.14,19.04,14.87,1128.53,3.187
Bihar,Soybean,Rabi,952.92,26.98,36.04,17.6,74.83,6.56,100.64,25.42,75.4,2.81,14.92,970.09,3.84
Karnataka,Rice,Kharif,1019.81,24.6,33.4,16.99,52.43,6.02,47.59,30.71,17.76,11.48,4.35,592.74,5.798
Haryana,Wheat,Zaid,897.32,29.86,35.83,22.85,55.29,6.54,70.27,17.59,37.88,14.36,6.49,1023.91,5.318
Bihar,Rice,Zaid,766.83,27.62,36.65,22.77,67.99,7.01,101.82,39.21,32.12,23.28,2.17,763.86,6.032
Maharashtra,Rice,Kharif,1056.05,24.18,31.25,18.63,73.78,5.99,113.71,54.74,27.09,8.42,9.02,918.06,6.594
Punjab,Cotton,Rabi,642.33,32.51,39.4,22.97,79.97,8.19,112.96,57.37,35.46,9.2,7.06,616.16,3.207
Bihar,Cotton,Zaid,955.83,28.54,32.77,20.62,90.45,6.64,29.4,57.49,63.65,21.97,2.48,520.16,4.611
Karnataka,Rice,Zaid,1009.74,21.34,27.56,15.82,67.08,5.39,46.19,41.35,40.23,8.96,8.24,971.86,6.056
Haryana,Rice,Rabi,785.24,23.72,32.48,19.37,59.79,6.97,118.67,32.92,21.03,14.27,2.34,951.52,6.475
Uttar Pradesh,Barley,Kharif,523.18,26.46,34.14,17.94,55.47,5.84,23.64,37.81,29.06,21.58,9.9,620.22,3.375
Uttar Pradesh,Barley,Rabi,646.83,20.78,30.11,12.2,54.17,6.32,117.21,45.41,54.68,8.04,4.84,239.52,4.331
Punjab,Soybean,Rabi,837.97,31.83,41.52,23.29,73.1,5.07,63.61,26.23,48.91,11.06,9.17,1098.12,2.774
Maharashtra,Soybean,Kharif,807.1,28.39,34.11,23.34,62.43,5.39,111.92,11.63,19.35,10.38,1.66,462.73,2.612
Haryana,Maize,Kharif,1264.96,23.27,30.26,15.78,65.16,7.16,33.86,31.42,59.83,21.77,5.86,767.75,4.978
Uttar Pradesh,Rice,Kharif,1114.59,23.87,32.21,19.47,95.0,6.05,28.89,11.19,18.66,21.41,3.9,748.27,5.848
Uttar Pradesh,Wheat,Kharif,1275.78,26.07,36.0,21.17,74.92,6.67,67.76,54.32,58.24,17.29,4.32,618.57,7.115
Haryana,Maize,Rabi,1126.71,31.7,37.21,25.51,71.2,5.17,80.21,16.69,60.1,21.27,3.94,350.6,4.951
Punjab,Maize,Kharif,868.63,39.84,44.11,31.35,75.13,7.39,95.61,27.96,15.71,15.08,14.87,457.62,4.059
Maharashtra,Cotton,Kharif,993.34,29.11,37.63,19.75,50.78,5.19,75.59,24.87,36.44,23.33,10.39,1174.59,3.506
Karnataka,Cotton,Kharif,1407.02,33.4,38.82,26.23,54.4,6.97,32.38,19.9,64.75,2.87,13.55,925.7,3.948
Bihar,Wheat,Zaid,830.92,24.63,32.94,17.11,58.8,6.91,115.7,39.38,58.18,11.21,11.46,1197.67,6.399
Haryana,Cotton,Kharif,917.94,21.56,28.99,17.27,62.8,6.11,78.52,42.87,61.81,16.22,11.96,824.76,4.207
Uttar Pradesh,Wheat,Rabi,913.96,24.23,33.46,16.15,54.19,7.45,42.17,46.7,68.78,15.04,9.07,538.59,5.751
Bihar,Wheat,Zaid,440.54,24.6,30.81,20.29,66.21,7.18,57.34,57.21,47.83,6.25,2.03,538.31,4.898
Bihar,Barley,Rabi,639.24,21.08,27.5,16.78,63.44,6.54,72.21,37.61,28.76,20.58,7.73,233.88,4.092
Bihar,Soybean,Zaid,1030.2,23.32,27.64,13.68,55.07,6.25,84.23,33.13,42.28,3.43,1.9,432.73,3.928
Punjab,Maize,Kharif,695.39,22.13,27.11,14.75,72.94,6.51,111.22,17.55,74.37,22.61,12.52,831.29,4.534
Karnataka,Rice,Rabi,1017.67,24.6,34.35,17.09,67.61,6.48,21.24,35.49,47.97,11.21,5.43,449.83,5.984
Punjab,Barley,Rabi,695.61,29.83,35.59,22.57,91.53,6.43,115.0,24.26,60.03,1.11,4.3,663.72,4.966
Karnataka,Barley,Zaid,1052.27,33.61,40.71,25.98,61.31,6.14,30.0,42.75,79.71,0.89,8.58,951.01,5.222
Punjab,Maize,Rabi,802.65,34.91,39.65,25.35,62.43,5.42,27.67,19.73,15.25,11.41,5.35,365.99,4.211
Maharashtra,Cotton,Kharif,903.83,26.73,34.64,21.98,54.56,5.98,28.87,30.34,76.26,23.79,6.46,867.4,3.899
Maharashtra,Soybean,Zaid,781.38,36.1,41.5,28.11,44.85,6.44,101.93,34.64,65.24,7.14,7.67,397.48,4.329
Uttar Pradesh,Wheat,Rabi,928.97,26.23,35.99,20.86,78.6,5.94,62.25,38.02,37.27,7.57,4.0,282.43,5.822
Karnataka,Soybean,Zaid,933.88,21.92,28.71,16.67,81.47,5.91,91.66,48.0,52.37,21.64,4.72,1081.62,5.159
Uttar Pradesh,Cotton,Zaid,987.32,21.83,31.79,15.31,73.56,5.54,65.29,56.35,40.64,14.35,2.04,425.78,4.474
Bihar,Soybean,Rabi,1109.37,21.51,30.35,12.14,74.93,5.7,66.73,40.71,44.07,10.27,7.34,782.0,4.317
Maharashtra,Maize,Kharif,680.33,34.29,40.34,25.48,83.45,6.63,78.27,24.27,63.05,6.35,10.24,455.12,4.583
Maharashtra,Wheat,Zaid,851.17,31.7,40.95,26.71,79.49,6.3,59.33,53.54,59.77,13.55,6.12,1012.3,5.262
Maharashtra,Maize,Kharif,815.59,34.2,39.22,26.34,93.71,5.87,44.97,16.97,70.94,6.05,7.8,1190.87,4.734
Karnataka,Maize,Rabi,948.96,20.96,27.42,15.95,47.85,6.25,33.67,29.67,73.04,0.57,4.83,755.04,5.606
Haryana,Cotton,Rabi,956.74,24.8,31.98,16.56,71.1,5.44,104.44,18.75,64.71,9.33,11.85,406.27,3.835
Bihar,Soybean,Rabi,1133.11,16.45,25.48,11.97,64.24,6.28,106.97,44.92,58.82,13.36,9.97,1119.11,5.076
Haryana,Wheat,Rabi,1033.78,31.93,38.6,23.88,69.8,5.0,36.18,49.98,72.68,1.7,11.43,554.73,5.122
Punjab,Cotton,Rabi,885.62,31.2,35.82,23.37,80.48,5.46,89.19,44.34,50.05,23.41,6.09,1035.86,3.47
Uttar Pradesh,Rice,Rabi,563.57,34.64,42.12,26.88,60.17,5.93,97.04,59.91,47.01,2.0,9.14,319.02,5.021
Karnataka,Cotton,Kharif,1080.13,23.65,27.92,14.41,52.38,6.73,22.83,37.93,33.36,15.12,6.8,1123.31,4.04
Uttar Pradesh,Soybean,Zaid,1041.83,22.53,32.41,14.09,75.67,6.17,101.25,46.82,29.43,11.55,7.21,1026.41,4.914
Bihar,Maize,Rabi,755.94,39.17,43.45,30.45,70.59,5.89,44.54,20.47,53.21,6.2,1.43,967.51,4.348
Maharashtra,Cotton,Rabi,723.13,23.75,29.68,15.2,55.57,6.19,63.17,47.39,44.76,10.65,8.12,517.72,3.428
Bihar,Maize,Rabi,1042.34,21.09,30.67,16.87,85.71,5.35,22.03,22.48,22.7,5.81,4.48,601.31,4.363
Punjab,Wheat,Rabi,732.24,18.69,25.99,12.71,75.12,5.58,22.42,57.07,22.04,3.61,2.62,1181.28,5.773
Karnataka,Cotton,Rabi,648.65,30.9,36.13,23.16,70.92,6.44,113.12,17.46,79.81,9.79,9.91,1167.91,4.013
Bihar,Barley,Rabi,703.79,20.77,25.67,13.57,74.43,7.09,35.5,22.21,70.54,1.34,10.78,1199.39,4.389
Punjab,Barley,Kharif,654.25,18.66,26.76,11.13,95.0,5.85,79.43,20.38,51.6,22.11,10.17,671.79,3.946
Punjab,Soybean,Zaid,433.09,26.58,36.5,21.25,58.55,6.0,48.36,30.91,36.09,20.06,14.39,1075.29,3.319
Haryana,Wheat,Zaid,762.62,24.34,30.36,19.4,63.87,6.1,116.98,15.04,53.49,6.8,8.37,520.45,5.279
Karnataka,Wheat,Kharif,1074.67,23.31,31.22,18.55,78.71,6.51,101.95,42.7,61.15,18.05,13.19,813.61,6.301
Uttar Pradesh,Soybean,Kharif,1252.81,20.9,25.27,13.61,67.69,5.74,99.09,51.09,35.12,13.95,8.66,672.89,4.623
Haryana,Cotton,Kharif,1041.33,31.89,40.87,24.33,32.13,5.44,28.45,48.72,53.35,3.21,1.65,950.84,3.607
Maharashtra,Rice,Zaid,1202.01,28.11,36.37,18.42,50.96,6.95,43.47,29.66,63.25,12.12,8.78,514.15,6.208
Haryana,Soybean,Rabi,1279.21,19.65,25.92,10.92,56.16,6.52,43.01,59.27,60.9,15.64,0.57,384.31,4.663
Haryana,Barley,Rabi,876.21,27.59,36.09,17.74,55.59,6.42,111.87,22.43,72.63,2.89,9.9,982.84,4.684
Maharashtra,Barley,Zaid,1162.9,27.05,32.35,21.43,81.6,6.88,44.45,54.14,39.3,11.43,6.44,381.94,5.842
Haryana,Wheat,Rabi,1124.78,29.44,37.78,20.22,61.82,6.22,81.1,40.44,32.37,5.94,2.15,859.31,5.727
Uttar Pradesh,Wheat,Zaid,1067.19,23.17,29.89,15.89,69.54,5.27,116.46,33.27,18.09,2.55,6.16,457.69,5.527
Haryana,Barley,Zaid,664.99,27.36,35.21,19.31,50.25,6.71,38.67,56.89,34.62,6.75,10.81,856.45,4.917
Karnataka,Rice,Rabi,654.24,23.54,29.16,17.9,70.82,6.81,53.13,32.71,27.38,5.23,8.36,328.88,5.353
Punjab,Soybean,Zaid,745.61,22.64,26.9,14.31,67.39,7.98,25.68,48.85,39.48,7.93,3.01,1196.02,3.614
Uttar Pradesh,Maize,Kharif,895.71,18.14,26.41,8.99,54.71,6.49,79.85,27.69,23.05,5.06,5.31,270.23,4.623
Maharashtra,Soybean,Zaid,594.42,21.47,26.33,13.18,79.86,6.1,29.62,19.43,19.98,15.3,14.81,871.98,3.655
Bihar,Rice,Rabi,626.48,23.39,32.59,17.2,64.15,6.53,113.7,22.87,46.95,4.76,1.34,280.54,6.603
Punjab,Wheat,Zaid,1014.74,22.67,26.83,15.35,50.02,6.7,58.81,37.75,21.12,4.28,14.01,961.51,5.648
Bihar,Wheat,Zaid,931.34,29.34,35.84,25.32,57.52,6.18,29.54,27.59,60.58,19.87,9.06,346.44,5.961
Uttar Pradesh,Cotton,Kharif,762.49,27.86,36.73,19.3,86.32,6.64,100.78,43.86,27.66,16.38,7.51,639.35,4.776
Karnataka,Rice,Kharif,529.46,22.51,27.3,12.78,71.66,6.91,52.21,54.91,51.59,23.02,4.85,314.83,6.147
Haryana,Rice,Rabi,858.65,29.88,39.71,22.57,67.13,6.88,23.73,50.2,21.59,8.06,8.7,242.98,4.95
Uttar Pradesh,Soybean,Kharif,690.89,24.21,30.25,18.84,55.14,6.55,115.15,17.01,77.38,15.07,9.8,909.93,4.194
Haryana,Cotton,Zaid,782.64,31.52,36.15,23.53,70.76,6.69,29.42,19.54,56.52,15.9,6.61,290.17,3.271
Maharashtra,Maize,Rabi,560.28,32.04,38.99,25.12,82.12,6.55,69.7,33.96,16.72,23.59,5.13,455.94,4.574
Haryana,Barley,Kharif,1182.17,20.62,30.22,11.0,71.55,7.16,49.19,13.2,62.93,2.99,1.74,511.22,4.919
Maharashtra,Wheat,Zaid,924.13,21.78,29.41,12.7,67.23,7.19,70.65,21.15,76.37,7.24,0.88,442.67,6.174
Maharashtra,Rice,Rabi,873.64,20.54,27.66,14.5,59.11,6.74,30.35,35.15,58.67,19.99,9.05,973.85,5.864
Punjab,Cotton,Zaid,428.3,20.34,26.31,13.37,55.8,6.26,68.06,43.9,58.35,8.29,5.52,785.15,2.936
Uttar Pradesh,Wheat,Kharif,623.73,24.91,29.72,18.27,71.65,6.15,105.52,18.16,47.97,10.9,0.65,1115.4,6.319
Bihar,Rice,Kharif,1064.72,41.44,50.98,34.1,73.45,5.89,74.9,57.23,43.55,7.08,2.51,898.63,6.403
Haryana,Cotton,Kharif,1099.76,29.87,34.53,21.72,66.99,6.97,103.44,36.17,73.97,22.01,12.28,715.9,4.313
Karnataka,Soybean,Zaid,435.17,24.01,28.82,16.95,62.04,6.79,43.21,41.0,66.14,1.9,12.83,1060.77,3.209
Punjab,Rice,Rabi,889.07,28.7,33.21,19.43,70.04,7.0,76.25,37.88,79.0,6.57,1.6,761.94,6.104
Haryana,Maize,Rabi,837.69,14.7,20.29,9.58,70.83,5.73,107.9,26.83,59.14,19.04,5.26,1021.64,4.7
Karnataka,Soybean,Rabi,716.19,29.13,37.82,19.5,61.66,6.64,99.18,32.56,66.32,0.66,4.68,951.32,4.124
Karnataka,Wheat,Kharif,737.62,20.63,30.43,14.0,52.43,6.85,60.95,37.63,43.1,20.75,13.68,1132.11,5.609
Maharashtra,Rice,Rabi,516.55,19.76,27.96,11.26,60.6,7.5,40.86,34.92,53.24,0.56,12.91,810.02,5.321
Uttar Pradesh,Soybean,Rabi,606.72,26.33,32.68,17.2,66.64,7.24,20.06,42.24,61.68,14.39,7.7,1009.94,3.79
Karnataka,Maize,Kharif,1024.35,17.97,27.8,8.46,66.29,5.73,37.22,37.17,64.75,13.26,13.09,309.66,4.739
Karnataka,Barley,Zaid,767.84,31.53,36.45,22.5,76.74,6.18,21.65,33.67,25.68,17.78,12.03,428.3,3.393
Haryana,Soybean,Kharif,799.89,29.86,39.18,24.51,49.22,5.67,68.01,59.88,22.44,21.37,13.02,753.2,3.253
Karnataka,Rice,Kharif,1091.01,28.75,35.74,19.2,39.35,6.37,91.11,35.2,73.79,5.02,14.61,1012.19,6.867
Karnataka,Wheat,Rabi,908.42,26.45,31.29,20.61,53.54,6.33,58.7,51.01,31.68,18.76,1.57,965.74,5.957
Maharashtra,Barley,Rabi,1140.87,29.18,37.98,22.84,84.78,6.39,49.26,50.19,36.32,20.25,1.76,244.4,5.254
Uttar Pradesh,Cotton,Zaid,928.49,24.48,30.2,19.7,65.15,6.89,113.56,10.2,24.31,6.54,3.38,425.78,3.995
Haryana,Barley,Rabi,511.12,25.44,33.05,17.27,80.68,6.71,52.06,58.21,55.42,7.3,7.04,1035.51,4.825
Uttar Pradesh,Maize,Rabi,939.0,24.67,29.81,20.03,77.59,6.04,61.57,39.45,19.02,20.64,3.64,1004.55,5.207
Haryana,Barley,Rabi,940.15,28.91,33.96,24.6,66.36,5.75,58.93,22.35,70.85,7.78,3.55,509.25,4.869
Bihar,Soybean,Kharif,929.92,25.64,29.98,20.36,69.08,6.61,87.95,22.02,42.29,5.67,2.36,580.0,4.337
Maharashtra,Wheat,Zaid,624.8,27.02,33.09,18.27,64.4,7.31,77.15,23.91,18.47,18.58,2.98,625.71,4.337
Uttar Pradesh,Wheat,Kharif,1381.92,19.05,26.74,12.76,74.67,5.51,29.23,37.13,63.88,10.88,4.84,247.38,5.37
Maharashtra,Wheat,Kharif,879.22,16.74,24.18,8.63,56.58,6.71,53.13,43.5,43.54,18.49,13.08,958.37,5.989
Bihar,Cotton,Zaid,1119.93,29.15,37.96,19.55,57.17,6.42,71.49,52.55,43.04,20.58,12.09,1161.89,3.721
Uttar Pradesh,Barley,Rabi,830.13,22.76,32.2,15.32,82.08,6.26,117.5,22.75,62.11,20.0,6.9,411.19,5.197
Uttar Pradesh,Wheat,Zaid,1271.4,21.47,26.97,12.21,69.83,6.24,28.49,35.58,44.3,18.91,7.24,543.82,5.582
Haryana,Cotton,Kharif,965.87,28.84,38.76,22.87,88.68,5.87,25.84,49.5,48.32,8.76,10.1,830.65,3.39
Maharashtra,Maize,Zaid,583.2,28.14,35.09,19.91,73.62,6.45,116.18,14.25,69.35,23.36,3.78,724.81,4.741
Bihar,Soybean,Kharif,838.9,21.54,29.73,16.21,71.27,6.36,35.35,38.12,57.45,16.4,11.79,615.28,3.686
Haryana,Wheat,Kharif,660.65,29.85,33.97,24.9,68.37,6.53,113.57,49.91,51.9,3.87,8.68,261.6,5.689
Maharashtra,Rice,Kharif,904.34,22.32,30.44,13.28,60.5,6.54,73.83,11.55,61.99,13.85,4.43,527.84,5.738
Karnataka,Cotton,Rabi,1465.93,24.17,30.99,18.42,56.28,7.28,23.99,49.75,33.39,17.22,9.82,852.63,4.245
Uttar Pradesh,Maize,Rabi,937.35,17.07,22.77,10.52,68.64,6.85,59.1,40.19,29.29,20.21,6.84,906.24,4.942
Uttar Pradesh,Wheat,Rabi,970.14,31.45,41.15,25.51,70.52,6.46,82.01,33.35,39.09,5.49,2.12,319.88,4.966
Maharashtra,Wheat,Rabi,859.38,34.91,39.03,28.39,83.58,6.28,91.29,33.18,78.34,1.46,14.81,1049.39,5.732
Karnataka,Maize,Kharif,685.28,24.9,32.04,15.35,33.5,6.0,60.01,16.67,27.5,4.01,12.25,904.87,4.443
Maharashtra,Wheat,Kharif,756.75,22.34,31.63,15.06,83.72,6.32,67.45,53.27,40.11,10.2,4.92,718.7,5.877
Uttar Pradesh,Maize,Rabi,602.45,21.16,27.24,11.62,55.7,7.36,73.66,51.43,24.03,22.79,8.21,786.11,4.896
Punjab,Maize,Zaid,1257.1,26.43,32.49,18.54,95.0,7.02,27.3,19.28,27.41,15.4,3.08,1081.72,4.608
Bihar,Soybean,Kharif,760.2,27.97,37.73,18.31,50.79,7.49,79.33,59.45,76.55,3.1,6.24,515.54,4.345
Uttar Pradesh,Barley,Kharif,742.17,19.94,24.48,12.95,60.15,5.83,34.33,57.69,24.42,13.29,3.36,276.36,4.672
Karnataka,Barley,Kharif,634.16,23.93,28.46,17.29,50.41,5.65,57.21,13.59,29.31,11.94,14.86,1196.27,3.841
Maharashtra,Wheat,Rabi,991.31,29.31,34.74,25.23,45.58,7.97,53.97,19.02,61.55,9.25,12.85,440.98,4.784
Punjab,Cotton,Kharif,796.3,24.42,32.09,18.84,69.74,6.69,24.3,38.26,50.64,6.64,7.07,287.74,2.856
Haryana,Maize,Zaid,683.78,20.72,30.13,11.94,78.19,6.74,86.29,34.0,73.84,13.02,5.65,840.38,5.238
Punjab,Soybean,Kharif,1004.67,32.19,38.46,23.26,41.36,6.47,33.53,56.23,46.24,6.87,4.0,465.08,4.301
Uttar Pradesh,Maize,Kharif,682.83,30.92,38.2,24.22,80.71,7.3,49.3,57.67,40.68,20.1,14.52,903.66,4.552
Haryana,Maize,Rabi,898.27,27.17,35.34,17.71,68.55,6.69,84.71,30.98,26.36,1.21,6.4,849.21,4.775
Punjab,Wheat,Kharif,713.16,20.38,26.03,12.0,54.1,6.67,112.32,36.96,55.11,2.29,3.08,300.95,5.537
Maharashtra,Cotton,Zaid,905.7,30.48,38.02,22.75,82.16,6.32,49.5,42.94,51.38,7.99,13.66,295.48,3.56
Uttar Pradesh,Rice,Kharif,887.61,25.43,31.36,16.47,61.15,6.5,96.79,23.39,53.32,21.7,5.11,683.55,6.084
Karnataka,Cotton,Zaid,893.21,19.88,24.79,12.77,72.14,6.07,110.86,46.56,55.74,10.97,7.9,709.3,4.15
Karnataka,Barley,Kharif,532.44,21.19,29.96,14.84,58.21,6.39,58.3,33.72,31.59,1.27,10.51,635.09,4.201
Maharashtra,Barley,Kharif,1040.48,29.57,37.05,25.53,67.94,7.14,65.09,20.37,49.05,7.37,12.97,596.36,4.481
Haryana,Cotton,Kharif,801.69,25.21,32.43,18.46,50.41,6.01,119.57,24.75,66.29,14.11,9.37,1185.85,4.26
Haryana,Soybean,Zaid,845.65,21.91,28.81,12.4,74.06,7.87,33.39,13.48,47.06,2.48,10.99,752.36,3.65
Haryana,Soybean,Zaid,801.67,28.82,38.13,23.77,87.2,6.29,100.62,15.29,54.94,18.78,11.39,390.06,3.934
Uttar Pradesh,Cotton,Rabi,672.1,22.96,29.65,18.28,56.52,6.06,87.9,13.56,78.43,17.27,3.14,214.09,3.867
Punjab,Rice,Rabi,802.95,21.11,28.73,16.06,69.2,6.46,117.62,11.64,62.6,19.44,1.47,371.87,6.121
Maharashtra,Soybean,Zaid,912.73,24.1,33.07,17.24,66.13,7.7,46.33,52.72,16.35,5.3,12.1,540.26,3.593
Haryana,Cotton,Kharif,929.46,32.69,37.11,28.51,49.02,5.7,47.9,57.96,72.7,7.44,12.35,885.87,3.693
Maharashtra,Rice,Rabi,983.55,26.37,36.36,19.5,56.05,5.86,41.16,12.1,41.31,21.49,4.69,900.01,5.76
Maharashtra,Soybean,Zaid,1368.28,25.86,35.23,20.92,60.59,6.06,119.43,40.24,20.48,2.1,1.59,789.89,4.808
Haryana,Maize,Rabi,401.01,27.59,35.72,20.76,71.49,7.77,55.03,10.61,23.17,14.06,5.49,1139.98,4.156
Karnataka,Maize,Kharif,971.85,25.33,34.25,21.32,81.56,7.23,98.79,52.68,40.8,20.69,8.49,818.54,5.357
Bihar,Soybean,Kharif,937.39,35.75,44.79,26.23,78.95,6.92,26.76,33.7,69.62,2.22,0.76,224.95,3.52
Uttar Pradesh,Cotton,Rabi,856.85,21.76,30.14,12.06,67.67,6.48,71.96,51.62,26.89,2.17,10.01,251.95,3.817
Bihar,Rice,Zaid,1065.84,17.31,25.76,11.86,60.57,6.68,117.88,47.24,22.68,12.15,9.04,346.62,6.117
Haryana,Barley,Kharif,1104.75,25.08,30.07,17.54,69.74,7.61,39.52,54.81,16.7,13.29,5.14,425.08,5.296
Karnataka,Wheat,Zaid,747.98,23.95,32.27,16.46,56.84,6.42,71.89,42.67,38.36,11.26,3.11,956.52,5.834
Uttar Pradesh,Barley,Zaid,704.91,34.39,38.5,28.75,78.15,6.07,111.92,28.78,71.88,4.5,5.88,252.28,3.643
Karnataka,Rice,Kharif,859.56,27.23,31.24,20.17,72.36,6.17,81.36,21.42,53.49,9.79,3.21,338.1,5.582
Punjab,Rice,Kharif,1079.91,28.36,37.35,22.13,87.04,5.78,102.87,21.81,34.27,7.89,1.09,514.69,6.254
Karnataka,Soybean,Zaid,1096.79,25.59,32.53,18.27,69.3,5.96,117.37,42.67,57.93,13.44,5.35,348.98,4.246
Punjab,Wheat,Kharif,684.85,30.22,36.71,24.26,88.46,6.71,35.13,18.28,57.8,24.8,3.91,1105.62,4.908
Punjab,Wheat,Rabi,507.96,23.05,30.27,17.62,75.51,5.18,65.92,41.8,66.38,6.42,13.03,480.2,5.053
Punjab,Wheat,Kharif,1008.9,24.1,31.25,15.0,45.45,7.46,47.14,27.88,46.13,12.6,12.91,970.56,5.45
Uttar Pradesh,Soybean,Rabi,571.35,25.76,32.14,19.29,83.57,6.45,52.14,39.45,48.52,22.0,2.27,314.26,3.578
Maharashtra,Cotton,Rabi,684.55,25.18,30.65,20.67,68.74,6.72,105.06,46.67,51.26,18.24,10.38,434.37,4.191
Karnataka,Soybean,Zaid,808.48,18.53,25.55,13.99,71.35,6.73,56.61,12.43,16.93,24.75,7.66,555.52,3.43
Bihar,Rice,Zaid,841.82,20.9,26.6,16.48,70.09,6.51,87.57,22.52,63.5,19.36,11.0,224.48,6.071
Bihar,Cotton,Zaid,791.09,23.12,28.08,15.16,64.36,7.15,75.38,38.79,34.72,21.97,2.86,564.19,3.521
Haryana,Rice,Zaid,684.95,34.93,41.86,30.48,71.15,6.65,104.99,59.06,58.68,19.34,7.83,1112.74,6.432
Bihar,Rice,Zaid,1222.63,20.75,25.96,15.48,86.11,5.96,38.18,26.57,40.83,15.77,13.88,1186.59,6.161
Uttar Pradesh,Rice,Rabi,522.63,31.43,36.73,26.79,56.59,7.46,50.36,43.76,45.36,8.42,4.66,336.03,5.718
Karnataka,Cotton,Rabi,1060.02,30.05,37.88,20.65,44.13,5.87,39.51,23.25,32.74,11.46,5.23,471.27,3.332
Punjab,Cotton,Zaid,1164.92,30.54,35.6,25.22,47.01,6.5,67.38,11.95,32.74,24.87,13.82,415.08,3.454
Haryana,Barley,Rabi,974.24,26.11,30.85,19.61,79.91,6.58,30.74,38.71,25.12,17.31,13.79,654.77,4.968
Karnataka,Barley,Rabi,951.72,29.96,36.0,20.71,61.32,6.89,50.65,11.75,33.28,16.67,2.56,311.36,4.273
Uttar Pradesh,Soybean,Kharif,652.38,28.23,36.79,19.81,68.74,6.76,105.66,46.43,45.66,6.49,11.04,1054.53,4.162
Uttar Pradesh,Barley,Rabi,882.72,32.44,39.59,23.79,71.07,7.4,54.23,28.68,23.7,7.77,1.75,627.89,4.165
Maharashtra,Wheat,Rabi,1016.57,30.34,39.75,22.94,79.17,7.63,79.04,35.33,24.66,11.45,8.37,467.33,4.894
Punjab,Soybean,Zaid,599.16,23.84,29.4,16.21,59.93,6.1,111.61,27.16,30.38,22.78,11.32,881.8,3.548
Haryana,Maize,Kharif,1036.15,35.2,43.87,29.48,74.45,6.08,64.32,40.86,71.48,3.21,3.35,729.8,4.826
Maharashtra,Cotton,Kharif,620.34,23.64,30.13,13.7,57.64,7.03,70.17,35.19,74.93,12.93,6.86,472.49,3.598
Uttar Pradesh,Wheat,Rabi,943.9,23.76,30.14,19.73,54.59,6.54,27.5,31.53,20.32,7.25,10.0,508.62,5.89
Bihar,Rice,Zaid,1136.95,29.98,39.18,24.06,34.27,6.23,69.11,10.84,32.82,23.91,5.08,381.45,5.442
Uttar Pradesh,Maize,Rabi,872.2,22.88,28.14,18.61,56.49,5.73,92.97,30.43,53.66,11.19,8.9,717.51,5.021
Karnataka,Barley,Zaid,929.42,29.58,33.68,24.16,65.1,6.98,75.24,45.73,32.85,16.79,10.71,611.28,4.622
Bihar,Barley,Kharif,943.82,23.2,30.76,17.4,58.0,7.48,53.22,51.33,19.79,0.76,2.28,356.01,4.738
Maharashtra,Maize,Rabi,904.36,31.65,38.02,25.84,68.9,6.3,33.66,48.77,28.11,18.42,12.18,325.33,4.241
Karnataka,Wheat,Zaid,839.49,24.65,30.32,17.61,64.06,6.39,97.52,43.11,22.49,7.69,3.95,642.53,5.818
Maharashtra,Maize,Rabi,535.51,34.92,42.43,27.81,75.25,5.91,88.04,29.38,38.63,4.17,9.15,802.66,4.527
Punjab,Soybean,Zaid,520.42,34.0,40.37,24.01,87.06,6.3,64.21,23.44,59.98,12.28,3.7,706.37,3.323
Uttar Pradesh,Barley,Zaid,1120.0,21.75,26.83,12.48,46.32,5.71,107.94,16.08,59.36,5.81,2.25,665.61,5.191
Bihar,Barley,Zaid,927.05,30.23,39.75,23.78,65.3,6.83,107.98,33.72,37.19,5.79,7.53,916.67,4.868
Uttar Pradesh,Rice,Rabi,864.78,24.07,29.57,16.28,67.1,5.09,92.44,41.58,27.21,21.53,1.27,795.22,6.787
Karnataka,Barley,Rabi,706.91,23.74,31.67,15.59,42.32,5.71,43.79,59.03,29.81,6.3,12.95,442.99,3.974
Uttar Pradesh,Soybean,Zaid,938.79,26.94,33.86,21.48,51.33,6.47,57.04,25.91,17.03,15.72,9.59,270.8,3.476
Bihar,Soybean,Zaid,798.37,32.06,37.31,23.19,58.65,6.37,42.39,25.54,25.44,8.03,5.33,833.11,3.081
Bihar,Cotton,Kharif,1323.76,26.48,35.61,18.26,48.78,5.78,42.35,18.42,45.62,9.15,9.42,418.15,3.459
Karnataka,Rice,Zaid,788.76,28.21,36.85,20.3,84.11,6.4,43.49,36.59,28.28,18.29,3.36,491.26,5.572
Maharashtra,Wheat,Zaid,1126.13,27.54,37.06,18.5,65.85,6.52,83.5,40.46,43.27,8.39,9.08,225.53,5.656
Punjab,Barley,Zaid,928.52,20.56,25.75,11.18,44.25,6.47,96.3,22.04,24.8,8.25,6.27,445.78,4.168
Haryana,Wheat,Rabi,1113.12,27.61,37.5,22.26,73.2,5.95,32.03,50.84,32.85,13.96,8.47,802.64,5.724
Uttar Pradesh,Cotton,Kharif,735.24,24.68,34.21,17.6,87.67,7.33,47.62,35.16,34.13,8.92,7.06,705.73,2.787
Haryana,Wheat,Rabi,1304.31,26.4,32.5,18.1,54.15,6.1,61.67,12.58,75.65,10.63,11.87,616.31,5.284
Uttar Pradesh,Soybean,Kharif,810.82,18.93,25.12,8.96,59.64,6.13,84.35,51.4,71.02,14.3,4.77,222.8,3.582
Uttar Pradesh,Maize,Zaid,533.47,28.1,33.83,21.04,59.07,7.0,81.21,47.67,75.84,3.36,13.93,801.47,4.945
Maharashtra,Barley,Kharif,653.6,24.71,31.3,17.38,70.14,6.64,63.95,20.69,74.59,24.43,4.84,375.19,4.048
Maharashtra,Cotton,Kharif,1218.37,27.76,32.0,22.39,58.87,5.79,76.3,25.95,75.41,8.61,12.61,1095.9,3.302
Uttar Pradesh,Cotton,Zaid,1031.44,16.57,23.41,11.26,80.02,6.47,52.48,39.48,44.59,7.89,14.87,1139.53,3.712
Maharashtra,Rice,Zaid,932.74,16.96,23.16,8.48,75.85,5.87,82.57,51.86,18.05,4.77,1.2,392.11,6.033
Bihar,Wheat,Rabi,764.24,26.36,30.38,18.32,74.62,5.91,22.27,36.52,73.17,14.53,9.32,881.61,5.538
Uttar Pradesh,Cotton,Kharif,839.25,35.57,42.23,29.5,65.47,6.75,45.73,18.61,26.06,11.75,2.97,219.72,2.734
Punjab,Maize,Zaid,635.32,22.33,27.8,12.55,68.66,6.79,64.87,28.76,17.46,7.67,2.28,302.37,4.306
Punjab,Wheat,Zaid,656.89,34.03,40.68,29.21,65.44,6.01,43.59,50.01,74.5,10.45,6.37,912.48,5.106
Maharashtra,Soybean,Kharif,978.81,30.02,34.85,24.26,72.85,6.6,66.08,42.65,48.11,5.44,1.99,1021.87,4.883
Punjab,Wheat,Rabi,867.91,21.32,29.83,12.06,48.59,6.18,62.66,19.7,57.3,14.83,2.75,1085.66,4.497
Uttar Pradesh,Rice,Kharif,480.0,26.56,33.51,16.83,65.03,5.72,105.97,29.09,64.17,14.64,10.94,377.79,5.399
Bihar,Rice,Zaid,712.69,15.41,21.68,10.22,84.4,6.61,75.48,25.36,54.55,8.64,7.0,1062.66,6.057
Bihar,Barley,Zaid,639.57,36.3,41.87,31.74,81.72,5.46,92.6,26.77,15.8,15.99,14.98,494.55,3.252
Haryana,Cotton,Zaid,985.63,25.99,33.82,19.92,66.28,6.81,111.79,30.34,36.33,2.62,9.7,1063.82,4.1
Karnataka,Maize,Kharif,744.77,21.32,27.95,15.26,62.18,5.62,44.68,18.04,38.26,19.5,10.58,865.85,4.295
Haryana,Wheat,Kharif,692.92,22.09,31.3,14.59,72.22,7.06,92.34,47.44,58.3,5.49,13.74,953.16,5.585
Uttar Pradesh,Cotton,Rabi,1040.93,18.07,24.57,11.89,57.49,6.36,27.73,17.11,73.51,22.17,14.3,627.85,3.555
Uttar Pradesh,Barley,Kharif,1082.09,26.7,36.68,22.52,77.65,6.69,88.18,22.78,61.9,5.8,12.52,419.12,4.503
Bihar,Barley,Zaid,522.76,27.2,31.71,22.05,70.97,6.82,76.19,29.38,78.59,11.86,6.79,611.64,4.845
Haryana,Rice,Kharif,713.75,28.95,37.04,23.74,66.48,6.22,75.28,46.47,38.05,4.5,3.78,1018.11,6.195
Uttar Pradesh,Wheat,Zaid,681.57,30.64,37.45,26.45,54.23,6.7,55.34,29.24,46.81,19.74,0.59,1132.47,5.393
Bihar,Rice,Zaid,671.91,30.94,38.55,24.8,86.65,6.58,62.69,46.58,20.97,20.83,3.46,1143.95,5.808
Maharashtra,Wheat,Kharif,1016.99,32.65,42.41,27.03,73.34,5.58,73.74,32.28,15.38,14.57,11.34,374.55,5.069
Karnataka,Soybean,Rabi,935.28,27.99,33.15,23.61,78.23,5.86,30.62,47.0,18.59,20.34,12.04,341.39,3.481
Maharashtra,Soybean,Kharif,702.98,20.07,25.31,11.97,64.64,6.16,65.09,38.65,79.93,1.14,0.5,550.37,3.387
Bihar,Cotton,Kharif,755.56,25.33,30.19,18.86,88.08,6.31,86.32,21.86,36.02,21.58,4.13,1164.32,4.094
Karnataka,Rice,Kharif,712.71,26.38,31.06,18.62,61.2,6.35,98.6,39.57,21.57,13.66,7.29,527.11,6.352
Bihar,Rice,Kharif,791.9,21.35,26.22,13.93,47.93,5.53,87.35,24.09,74.49,8.01,3.37,1154.57,6.694
Maharashtra,Soybean,Rabi,781.34,29.66,38.7,21.14,67.84,7.19,56.94,10.05,77.52,13.97,9.18,799.89,3.443
Haryana,Barley,Rabi,1149.4,17.78,25.81,11.06,61.9,5.77,55.02,18.8,58.04,22.04,4.89,532.88,4.366
Haryana,Rice,Kharif,1353.24,18.46,23.51,8.87,77.23,5.94,35.62,19.71,72.15,4.13,0.77,701.23,5.827
Haryana,Barley,Zaid,838.35,31.81,39.87,22.7,64.59,7.28,58.46,26.22,61.6,18.06,14.28,768.66,4.495
Bihar,Cotton,Rabi,987.32,30.5,38.0,26.44,52.24,6.42,111.53,30.69,52.34,12.14,8.21,267.3,3.781
Bihar,Cotton,Rabi,954.21,24.07,28.41,16.48,54.42,6.88,24.71,45.54,33.65,16.47,9.59,426.84,3.838
Bihar,Wheat,Zaid,695.15,21.07,26.94,13.22,36.75,6.38,80.77,46.74,64.97,1.94,4.9,621.27,5.332
Maharashtra,Cotton,Zaid,360.42,20.55,28.56,14.97,53.66,6.19,76.27,29.57,66.8,19.71,5.95,822.71,3.736
Uttar Pradesh,Soybean,Rabi,760.39,23.98,33.28,17.31,74.75,5.91,48.87,20.15,74.27,20.09,2.43,946.72,4.146
Punjab,Wheat,Rabi,799.91,25.81,31.07,17.64,64.48,6.6,85.72,51.61,54.99,21.79,5.74,749.14,5.924
Karnataka,Cotton,Zaid,585.12,25.67,31.89,16.47,76.85,6.7,78.4,31.03,15.99,2.21,3.33,969.33,3.595
Karnataka,Wheat,Kharif,958.62,23.1,32.24,14.61,69.94,7.99,110.07,52.7,18.49,20.68,1.91,263.28,5.783
Punjab,Cotton,Rabi,774.41,18.18,22.53,10.48,64.01,6.74,118.3,44.3,21.77,5.36,12.48,1196.76,3.657
Punjab,Maize,Zaid,884.75,23.18,27.59,13.85,53.09,6.54,85.05,26.13,73.91,7.82,4.49,1086.4,5.421
Uttar Pradesh,Soybean,Zaid,1221.76,32.71,40.72,23.23,63.94,5.74,84.03,49.39,73.3,17.16,1.48,383.14,4.348
Bihar,Wheat,Rabi,1019.62,24.05,30.34,15.49,65.38,6.78,80.95,17.14,47.06,6.37,1.27,280.02,5.782
Maharashtra,Maize,Zaid,459.13,29.37,35.52,21.67,83.23,5.0,100.13,53.79,30.78,13.41,3.74,237.56,4.822
Karnataka,Barley,Zaid,440.49,29.46,39.43,19.49,41.15,5.59,44.36,46.88,72.15,20.46,12.27,663.03,4.209
Maharashtra,Wheat,Zaid,421.04,24.34,32.09,17.22,69.55,6.65,59.61,30.7,54.34,19.13,8.68,708.76,4.723
Uttar Pradesh,Wheat,Zaid,727.85,27.93,36.46,20.85,61.06,6.2,91.65,36.18,66.6,7.86,3.43,550.73,5.411
Haryana,Cotton,Zaid,468.54,33.66,39.86,28.71,54.25,7.59,72.54,49.59,58.61,7.81,5.33,853.36,3.181
Punjab,Barley,Kharif,443.66,24.61,31.45,19.42,65.24,5.9,47.07,38.37,45.05,22.29,14.15,419.47,2.77
Uttar Pradesh,Barley,Zaid,518.16,24.79,30.3,20.53,77.44,6.78,71.37,37.72,31.41,15.24,0.94,846.01,4.021
Uttar Pradesh,Barley,Zaid,1102.42,19.32,27.62,14.55,81.45,6.53,48.94,15.97,25.07,4.56,7.43,807.39,4.771
Bihar,Wheat,Zaid,993.81,28.6,37.31,18.84,46.99,6.06,46.06,17.9,69.78,2.58,14.51,788.51,5.208
Bihar,Rice,Rabi,808.59,27.61,32.31,18.56,71.8,6.14,103.32,11.37,23.99,20.05,7.24,1081.39,5.974
Karnataka,Wheat,Rabi,838.04,31.55,36.18,24.38,66.4,6.6,79.46,49.9,65.52,21.79,4.75,665.75,5.653
Uttar Pradesh,Rice,Kharif,967.92,21.44,26.46,12.52,78.52,6.52,24.59,59.62,31.11,8.08,4.12,467.53,6.092
Karnataka,Wheat,Kharif,746.6,19.03,27.19,11.46,61.27,6.27,23.73,23.21,18.71,16.85,5.84,852.05,4.823
Maharashtra,Maize,Kharif,1019.63,23.93,30.52,16.09,70.26,6.71,86.81,25.44,15.94,4.31,7.71,510.4,5.59
Punjab,Rice,Kharif,731.48,20.45,29.25,14.14,55.26,6.4,119.54,58.45,29.37,19.01,5.5,360.27,6.245
Karnataka,Soybean,Zaid,955.54,33.2,39.21,25.19,82.35,6.84,57.8,57.5,46.41,3.15,10.47,1163.38,4.163
Punjab,Barley,Rabi,1100.11,32.58,41.74,23.66,52.56,6.79,26.1,34.93,57.6,21.43,11.85,1057.24,4.697
Uttar Pradesh,Maize,Zaid,889.05,26.11,30.84,21.76,58.97,6.11,94.38,57.44,78.63,22.39,2.43,1078.38,6.352
Uttar Pradesh,Wheat,Zaid,1284.48,30.49,35.53,24.27,85.47,7.7,119.41,53.83,74.3,7.47,3.69,625.87,6.73
Punjab,Wheat,Zaid,777.86,25.19,31.55,20.61,62.12,6.53,63.18,37.25,70.19,6.02,0.9,238.23,5.443
Haryana,Cotton,Rabi,862.82,26.69,33.11,21.76,62.09,7.52,107.0,34.34,29.7,7.58,2.48,1118.59,4.37
Punjab,Soybean,Rabi,966.37,22.54,29.68,14.78,45.99,5.8,105.62,19.59,17.15,14.53,1.71,295.76,4.251
Punjab,Cotton,Rabi,448.87,30.22,34.61,25.52,95.0,5.14,117.25,28.73,19.23,13.67,9.76,339.6,2.56
Haryana,Rice,Zaid,531.36,32.21,38.79,22.41,84.14,6.46,56.77,40.02,20.51,9.88,4.29,1152.05,5.644
Maharashtra,Wheat,Zaid,838.88,32.52,36.53,28.19,58.23,6.17,54.17,13.32,35.66,6.5,0.58,734.8,3.993
Haryana,Maize,Kharif,814.5,23.59,29.17,17.62,39.51,7.05,39.05,19.16,43.93,5.14,2.77,295.88,4.763
Uttar Pradesh,Rice,Rabi,838.26,30.32,39.83,21.92,71.54,5.9,55.85,24.15,42.46,2.88,7.04,243.14,5.382
Bihar,Cotton,Kharif,634.54,31.13,37.18,23.71,63.02,6.44,80.25,33.01,37.47,17.61,14.72,624.76,3.172
Uttar Pradesh,Soybean,Rabi,365.5,27.73,33.89,21.5,69.68,6.32,72.78,50.57,57.94,5.36,11.06,919.46,3.679
Karnataka,Maize,Zaid,554.16,29.88,34.7,24.71,58.6,7.0,61.56,49.41,24.67,11.77,14.85,705.92,4.744
Bihar,Rice,Kharif,798.55,31.51,35.69,22.43,66.87,6.8,44.77,17.77,49.67,17.54,3.33,636.36,5.136
Haryana,Soybean,Zaid,1025.0,27.45,34.51,22.77,89.67,5.96,65.22,31.69,74.02,12.5,12.37,425.65,3.66
Karnataka,Wheat,Kharif,1006.52,35.06,42.46,27.22,49.53,6.3,99.17,18.35,20.93,23.47,14.47,816.26,5.051
Uttar Pradesh,Maize,Kharif,694.13,23.2,29.34,13.72,67.1,6.34,31.07,34.11,30.95,22.18,2.51,254.31,4.282
Maharashtra,Soybean,Rabi,561.0,20.36,24.58,16.19,88.98,7.1,79.37,11.29,17.3,18.32,3.55,856.42,3.878
Uttar Pradesh,Barley,Rabi,818.81,26.85,31.37,17.82,73.83,6.49,116.86,26.73,72.9,18.13,13.96,1107.8,5.865
Punjab,Cotton,Kharif,750.73,23.43,29.1,13.64,80.45,6.12,92.25,14.44,60.05,21.29,5.57,909.42,3.675
Bihar,Soybean,Kharif,1067.43,27.43,35.58,20.4,59.27,7.47,68.87,40.02,30.01,9.77,13.05,309.9,3.271
Bihar,Maize,Kharif,1226.44,27.22,32.72,20.6,55.79,6.52,66.95,47.31,39.64,10.97,5.39,350.92,5.928
Bihar,Barley,Rabi,900.42,26.33,33.04,20.63,62.94,7.01,92.71,34.74,59.77,19.43,13.83,963.22,5.378
Bihar,Soybean,Kharif,633.12,22.26,29.3,15.42,55.02,6.59,72.01,16.45,71.5,9.3,6.77,405.67,3.47
Uttar Pradesh,Maize,Kharif,823.13,22.87,32.71,14.65,67.5,6.96,49.61,53.79,33.94,11.84,10.73,1071.99,5.169
Karnataka,Maize,Zaid,855.25,24.51,29.28,14.65,57.05,6.42,82.6,25.94,23.67,15.23,11.51,993.2,5.071
Karnataka,Rice,Kharif,621.92,23.35,28.59,19.33,59.18,7.24,92.42,58.11,28.57,16.4,3.57,218.01,5.985
Maharashtra,Cotton,Rabi,724.28,27.1,33.8,21.88,65.15,5.83,54.12,36.39,58.52,19.68,1.66,222.52,2.975
Maharashtra,Barley,Kharif,1098.91,25.6,32.07,18.95,40.66,6.82,79.91,29.43,47.95,8.2,12.89,775.02,4.329
Karnataka,Soybean,Zaid,986.94,20.23,25.15,12.09,79.79,5.93,96.06,24.77,33.5,12.53,4.47,867.3,3.826
Maharashtra,Barley,Zaid,574.72,26.56,34.84,21.21,83.85,6.07,46.66,37.8,70.6,6.61,11.17,1153.97,3.85
Punjab,Soybean,Rabi,531.67,28.83,33.52,24.56,68.56,6.83,44.68,27.38,64.23,11.9,13.09,934.93,2.944
Bihar,Cotton,Zaid,872.59,23.48,27.61,13.54,63.54,6.24,104.92,18.02,70.11,0.8,6.91,672.04,3.482
Uttar Pradesh,Rice,Rabi,550.31,32.28,41.54,23.64,54.87,6.87,24.66,39.44,52.4,19.77,2.65,379.37,5.205
Punjab,Barley,Kharif,670.29,36.35,44.26,31.09,62.73,6.98,64.87,12.22,29.27,8.89,14.99,502.69,3.435
Haryana,Wheat,Rabi,773.78,34.56,42.78,30.25,84.33,6.87,32.29,39.35,47.87,18.7,13.44,446.68,4.862
Karnataka,Wheat,Zaid,837.34,24.05,28.26,16.69,50.95,6.81,106.35,22.01,69.59,2.42,2.82,580.98,5.421
Karnataka,Soybean,Kharif,1271.15,24.73,30.85,20.03,52.66,6.93,89.03,38.76,47.61,15.61,13.53,899.31,4.676
Karnataka,Barley,Zaid,601.45,22.76,30.51,16.1,65.88,5.9,115.99,51.04,54.11,18.86,3.08,679.02,5.078
Punjab,Cotton,Kharif,262.03,27.02,32.55,18.87,76.58,5.82,119.95,27.45,30.89,7.05,1.85,594.05,3.15
Punjab,Barley,Zaid,924.94,27.03,35.42,22.39,74.4,7.35,30.86,10.51,61.49,6.79,7.89,311.62,4.682
Haryana,Soybean,Kharif,1171.9,30.0,35.6,21.15,68.98,6.49,62.79,10.63,74.14,16.22,8.95,401.59,4.315
Uttar Pradesh,Maize,Rabi,1016.28,26.39,33.87,17.64,66.75,8.06,90.24,49.69,40.09,1.08,12.36,406.09,5.004
Punjab,Soybean,Rabi,730.25,24.76,34.26,18.89,60.9,7.53,86.95,36.25,48.86,9.73,9.2,1158.79,4.593
Maharashtra,Wheat,Kharif,609.17,25.78,30.6,16.69,64.51,7.02,100.62,33.85,27.5,21.2,5.83,520.68,5.351
Karnataka,Maize,Rabi,873.69,22.76,32.11,18.54,56.76,6.75,108.77,39.69,68.59,5.96,5.62,1142.13,6.07
Karnataka,Soybean,Rabi,1015.62,31.36,35.71,22.01,78.19,7.05,47.94,27.15,23.01,18.18,8.57,434.1,4.086
Punjab,Maize,Zaid,592.28,20.29,25.29,13.1,46.3,6.89,35.47,52.82,35.24,15.94,9.59,1039.17,3.81
Bihar,Wheat,Rabi,851.22,20.57,26.93,14.3,57.11,6.54,62.4,29.47,17.25,7.24,11.4,777.95,5.246
Uttar Pradesh,Cotton,Rabi,980.03,31.85,41.71,27.76,50.09,6.08,53.19,39.93,38.54,1.99,0.62,294.86,2.879
Karnataka,Barley,Rabi,957.72,16.25,24.41,12.15,69.99,6.41,111.0,31.92,20.3,20.07,13.33,613.66,5.255
Haryana,Barley,Kharif,715.67,23.38,29.28,15.52,52.9,7.26,101.97,29.6,37.65,14.78,7.24,1177.11,4.937
Maharashtra,Cotton,Rabi,987.2,22.86,28.99,14.52,64.27,6.54,81.7,13.04,57.6,12.87,7.07,919.25,3.933
Maharashtra,Rice,Zaid,1380.25,27.96,35.45,20.17,71.12,6.35,39.0,37.79,25.28,10.48,10.13,693.07,6.249
Bihar,Maize,Kharif,779.24,26.99,36.69,20.45,71.63,6.36,48.58,26.9,21.88,12.79,3.29,834.19,4.421
Punjab,Wheat,Kharif,745.63,21.81,28.75,17.61,81.5,6.26,21.5,53.06,55.3,18.74,7.66,818.4,5.207
Bihar,Barley,Zaid,791.75,23.91,28.24,16.09,54.07,6.4,90.21,59.53,61.98,8.81,9.22,279.77,5.974
Karnataka,Wheat,Rabi,1240.01,28.9,35.13,20.64,60.21,6.34,53.69,21.67,36.33,5.77,2.13,417.43,5.608
Punjab,Rice,Rabi,987.21,23.51,29.64,16.4,59.41,6.3,76.35,44.05,51.87,11.23,5.58,426.44,6.4
Bihar,Barley,Kharif,1026.3,33.5,37.88,25.59,67.21,6.03,113.73,57.85,42.66,6.98,9.32,828.19,5.772
Haryana,Rice,Rabi,721.26,19.02,23.94,14.27,78.32,6.37,80.19,57.37,38.4,13.41,10.59,517.17,6.166
Haryana,Cotton,Zaid,1071.77,23.03,29.25,14.55,82.68,6.03,93.99,47.49,72.57,9.06,9.98,480.29,4.613
Uttar Pradesh,Soybean,Rabi,768.77,29.48,36.53,23.48,72.2,6.46,111.21,25.45,78.36,6.42,10.98,773.9,4.072
Punjab,Soybean,Rabi,772.16,22.84,27.24,17.21,86.22,5.66,74.86,39.83,39.87,19.46,10.99,914.3,3.702
Bihar,Soybean,Zaid,578.41,33.78,38.5,25.99,51.15,7.42,48.82,37.5,38.71,22.77,5.67,375.71,3.38
Uttar Pradesh,Maize,Rabi,690.87,26.33,33.91,18.92,69.61,5.56,44.88,57.56,51.48,1.16,12.4,396.76,4.561
Uttar Pradesh,Wheat,Kharif,683.02,29.89,35.54,21.29,59.46,6.53,79.77,12.73,15.34,1.92,2.36,457.65,4.547
Uttar Pradesh,Rice,Rabi,1366.06,31.3,37.64,22.11,41.25,5.0,110.16,39.93,49.36,22.31,7.09,1011.57,6.937
Punjab,Soybean,Kharif,926.45,23.4,33.26,19.37,86.29,6.03,116.76,29.08,16.77,1.16,8.52,1186.71,3.387
Bihar,Soybean,Rabi,1265.22,25.91,33.59,16.51,65.14,5.9,40.99,16.19,25.8,15.83,1.99,938.53,4.146
Bihar,Maize,Kharif,955.86,23.07,27.58,17.68,47.69,7.15,58.19,26.29,48.15,7.65,14.71,421.22,4.595
Punjab,Barley,Rabi,876.67,17.47,22.31,9.97,60.46,6.37,21.23,23.67,19.02,9.73,12.25,919.69,3.785
Maharashtra,Wheat,Rabi,1057.1,25.54,30.84,19.72,60.47,5.78,66.18,21.39,79.58,3.33,14.36,1009.05,5.341
Bihar,Maize,Zaid,858.63,26.26,34.74,20.63,57.89,6.91,67.98,38.69,69.4,19.34,10.3,463.49,4.771
Maharashtra,Rice,Kharif,537.03,25.0,31.04,19.46,53.25,5.69,47.05,12.24,56.69,14.42,5.39,347.33,5.199
Uttar Pradesh,Cotton,Rabi,690.32,23.26,32.64,16.96,55.03,5.29,85.19,29.96,15.44,23.91,13.09,490.84,3.624
Haryana,Soybean,Zaid,1226.18,35.25,41.08,28.55,62.54,6.48,62.24,25.47,58.99,3.83,3.87,911.38,4.14
Maharashtra,Cotton,Rabi,916.06,33.22,42.33,24.88,78.05,6.63,92.83,40.04,51.3,18.5,14.99,778.55,3.933
Uttar Pradesh,Soybean,Kharif,501.75,34.05,39.21,29.06,50.34,5.85,77.07,49.9,75.56,10.73,10.91,396.8,3.584
Haryana,Maize,Kharif,1003.17,31.41,39.31,25.26,65.91,6.78,117.31,56.12,36.13,6.84,6.83,889.94,5.291
Punjab,Cotton,Kharif,776.54,25.12,31.07,20.14,60.19,6.26,47.09,37.69,47.03,20.0,14.36,330.67,3.306
Uttar Pradesh,Rice,Zaid,1018.81,26.21,36.1,18.57,67.36,6.34,24.05,18.68,55.52,13.1,11.91,858.74,5.296
Uttar Pradesh,Soybean,Rabi,669.6,31.49,39.78,25.84,78.8,5.21,39.81,36.19,23.82,16.65,2.02,226.89,3.36
Uttar Pradesh,Barley,Kharif,964.91,35.82,41.0,29.58,95.0,6.16,56.46,41.3,46.33,21.24,8.75,489.89,4.887
Uttar Pradesh,Barley,Zaid,1055.91,15.18,24.45,10.0,67.68,7.08,73.48,35.7,70.47,15.47,8.3,248.86,4.426
Bihar,Maize,Zaid,1078.61,25.32,34.28,18.04,63.95,6.08,25.46,26.02,55.88,22.87,5.69,1060.02,5.004
Punjab,Soybean,Rabi,1122.74,19.46,28.0,13.1,69.56,7.24,93.98,45.93,20.58,4.38,2.42,1132.48,4.851
Bihar,Maize,Zaid,633.97,30.95,37.16,25.35,47.07,6.43,84.62,59.19,59.66,2.44,13.66,843.08,4.561
Karnataka,Wheat,Zaid,837.57,28.58,35.77,21.87,55.75,6.18,32.64,29.73,40.14,7.36,6.34,818.01,4.718
Bihar,Cotton,Kharif,942.62,19.1,25.06,14.82,75.91,6.37,113.02,46.54,37.7,24.22,6.72,476.79,4.33
Haryana,Barley,Rabi,879.64,35.01,42.96,28.67,68.02,6.58,68.83,16.61,73.62,13.9,4.63,1077.93,4.884
Uttar Pradesh,Maize,Kharif,549.21,34.95,40.54,30.17,60.89,6.21,115.29,38.77,46.78,9.92,10.77,341.26,4.555
Karnataka,Cotton,Kharif,752.95,27.26,36.64,18.32,57.57,6.93,36.94,49.18,74.4,23.17,4.82,1040.34,3.661
Haryana,Wheat,Zaid,808.61,20.94,30.68,14.39,73.87,6.82,57.89,57.25,19.08,3.42,11.95,749.41,5.384
Punjab,Cotton,Rabi,601.79,26.89,30.97,21.59,47.25,5.56,109.82,29.5,35.76,25.0,11.66,737.35,3.407
Uttar Pradesh,Rice,Kharif,676.83,26.57,36.33,19.12,53.75,7.05,96.5,46.86,21.19,15.08,10.04,1035.57,6.73
Bihar,Cotton,Kharif,1254.3,24.55,29.19,19.36,70.04,5.09,94.88,19.34,79.52,4.46,9.19,1128.94,4.124
Uttar Pradesh,Cotton,Rabi,827.73,26.51,33.12,21.97,56.37,7.33,111.63,54.0,68.23,17.99,2.73,248.37,4.455
Karnataka,Soybean,Zaid,985.51,35.31,41.2,28.8,73.07,5.62,73.85,46.56,67.46,3.28,9.97,682.11,4.385
Karnataka,Soybean,Kharif,1124.79,26.21,31.49,21.13,60.24,7.42,37.73,50.7,37.98,11.79,6.12,721.38,3.972
Haryana,Barley,Rabi,800.52,24.77,31.79,15.28,57.61,6.6,49.36,49.52,32.18,0.98,2.83,221.65,3.978
Haryana,Maize,Zaid,689.3,24.6,33.06,18.61,65.23,6.61,22.41,35.08,62.61,5.11,6.93,732.53,3.908
Bihar,Soybean,Rabi,1172.06,30.15,37.65,22.53,73.08,6.23,89.83,45.82,48.31,21.82,10.25,562.66,4.398
Karnataka,Barley,Kharif,624.95,23.58,28.71,18.19,73.0,6.38,58.29,18.62,22.21,2.63,6.17,245.54,4.185
Bihar,Maize,Zaid,826.93,15.38,20.16,9.77,52.59,6.59,84.84,58.81,50.8,7.98,8.21,254.64,5.575
Haryana,Soybean,Kharif,753.06,28.31,33.64,20.22,73.24,6.86,52.16,52.71,73.07,22.89,4.75,320.31,3.572
Haryana,Barley,Kharif,834.73,22.03,29.84,12.6,78.09,6.4,114.99,13.78,38.35,0.71,14.73,1102.73,4.565
Uttar Pradesh,Soybean,Kharif,853.23,28.86,37.61,21.54,65.21,6.61,119.77,40.9,43.56,9.59,13.63,1021.19,4.243
Karnataka,Maize,Kharif,903.0,30.05,38.27,23.62,76.08,5.45,118.45,35.63,52.3,22.48,14.79,978.61,5.272
Uttar Pradesh,Maize,Kharif,895.47,18.77,26.78,12.28,63.0,7.13,49.38,44.24,62.2,21.19,5.14,941.89,5.667
Punjab,Barley,Zaid,686.06,31.87,41.55,22.46,71.3,5.83,70.89,45.1,72.65,14.64,2.19,202.58,3.627
Karnataka,Soybean,Zaid,508.94,24.37,33.86,18.4,58.1,6.11,45.39,13.19,40.03,8.27,10.65,1019.78,2.692
Karnataka,Cotton,Rabi,761.95,30.2,38.77,21.44,67.33,6.73,75.1,31.14,79.45,16.52,14.06,345.35,2.633
Maharashtra,Soybean,Zaid,822.47,26.59,36.54,21.55,69.06,6.78,66.8,36.43,32.25,24.11,13.72,1172.91,3.393
Uttar Pradesh,Maize,Rabi,1181.91,24.65,28.79,15.64,43.51,7.06,57.4,28.43,17.06,10.88,6.42,424.79,4.554
Haryana,Rice,Rabi,679.92,30.85,38.32,25.89,66.9,7.08,84.23,31.37,48.12,4.93,7.21,573.03,5.857
Maharashtra,Rice,Kharif,954.61,23.38,28.79,17.73,70.05,6.86,103.09,48.46,43.46,5.3,13.02,256.78,6.58
Bihar,Soybean,Zaid,563.49,25.02,32.62,20.11,60.17,6.15,53.44,22.05,68.52,10.22,11.21,640.36,3.569
Maharashtra,Maize,Kharif,879.47,29.35,38.25,19.89,62.36,7.42,74.14,42.23,33.71,20.39,12.92,467.22,4.707
Bihar,Cotton,Zaid,908.57,32.33,36.5,26.24,72.7,6.17,114.21,22.74,33.28,16.05,0.56,927.56,3.901
Bihar,Maize,Kharif,1056.78,29.34,33.89,24.81,59.51,6.93,62.76,20.02,71.79,5.44,10.75,963.32,5.132
Bihar,Maize,Rabi,846.97,20.59,28.75,11.51,68.05,5.61,91.29,35.03,26.5,10.6,9.71,935.33,5.738
Bihar,Rice,Zaid,832.1,23.97,29.15,15.15,46.46,6.09,42.28,44.3,65.77,8.82,14.2,230.61,5.706
Uttar Pradesh,Barley,Rabi,850.99,27.54,33.45,20.22,61.36,7.12,65.57,42.41,52.57,8.28,4.17,1187.87,5.304
Uttar Pradesh,Soybean,Zaid,902.72,24.23,29.34,14.43,55.12,6.77,89.32,40.18,36.94,6.89,10.92,941.36,3.911
Maharashtra,Barley,Zaid,989.3,23.25,27.89,17.59,65.4,6.64,41.5,45.16,50.55,21.07,8.93,683.45,4.859
Uttar Pradesh,Rice,Zaid,1053.74,36.71,45.76,28.27,77.43,6.14,32.73,35.0,63.51,11.87,0.75,384.27,5.517
Bihar,Soybean,Zaid,967.09,25.4,29.9,18.15,46.77,6.65,97.72,58.53,76.65,7.2,0.93,529.41,5.278
Punjab,Wheat,Kharif,1058.76,22.96,28.27,14.72,72.84,6.19,111.08,15.16,24.73,9.89,10.01,784.08,5.263
Bihar,Soybean,Zaid,725.97,31.16,40.83,23.18,56.32,5.81,81.88,51.44,48.09,9.37,14.78,340.99,3.83
Bihar,Rice,Rabi,779.31,34.09,43.4,29.79,72.79,5.85,85.16,29.71,67.89,14.61,12.76,393.77,5.914
Haryana,Soybean,Rabi,973.61,23.01,30.35,18.59,70.28,5.02,50.57,20.74,29.88,5.76,9.53,367.69,3.516
Karnataka,Wheat,Rabi,847.09,27.56,34.04,21.84,67.68,6.18,81.39,54.34,18.81,21.02,10.33,559.99,5.401
Haryana,Maize,Kharif,904.02,25.7,33.85,17.44,62.1,7.14,71.03,52.42,20.67,1.55,9.74,350.02,5.227
Punjab,Barley,Zaid,809.35,24.83,33.86,15.08,62.36,6.86,59.83,54.81,75.25,24.33,11.64,401.99,5.355
Bihar,Cotton,Zaid,652.34,33.21,42.4,28.88,76.64,6.41,67.91,21.61,76.88,14.2,13.52,478.06,3.173
Uttar Pradesh,Cotton,Zaid,644.59,21.12,30.01,12.08,32.0,6.89,91.97,43.84,38.49,0.56,3.99,963.92,4.499
Karnataka,Rice,Kharif,998.1,25.05,34.73,18.57,89.83,7.77,58.7,46.48,77.54,15.0,9.07,564.83,6.443
Haryana,Cotton,Zaid,852.45,14.07,20.65,7.12,76.02,7.1,37.03,30.53,69.62,11.72,14.0,409.31,3.787
Haryana,Rice,Zaid,686.7,26.86,35.37,17.41,77.33,5.84,78.87,38.86,34.8,17.89,13.29,846.32,5.469
Karnataka,Cotton,Kharif,836.91,31.31,36.25,26.55,58.25,6.5,118.04,31.22,49.68,6.06,7.01,1184.69,4.415
Uttar Pradesh,Soybean,Kharif,596.11,18.62,23.88,10.93,48.41,6.87,32.59,50.93,76.07,4.74,7.21,302.04,3.131
Punjab,Rice,Zaid,802.53,36.19,40.46,27.04,77.99,6.19,65.21,56.58,27.94,4.9,11.36,925.72,5.903
Uttar Pradesh,Maize,Kharif,477.88,20.51,28.12,14.73,66.41,6.85,92.78,16.34,75.95,14.77,5.33,597.14,4.293
Maharashtra,Rice,Rabi,678.3,16.23,21.4,6.56,45.35,7.04,89.85,40.44,43.61,16.42,13.59,1000.28,6.13
Punjab,Soybean,Kharif,1014.04,27.0,35.62,21.06,72.19,6.53,48.34,26.9,54.31,14.8,4.21,406.42,3.831
Punjab,Maize,Zaid,819.29,27.67,35.12,18.36,38.69,5.58,107.14,20.74,30.68,8.95,6.18,753.0,4.733
Bihar,Rice,Kharif,951.39,24.66,34.52,19.45,63.42,7.54,89.0,39.61,50.08,2.35,13.45,825.51,6.055
Karnataka,Maize,Zaid,882.18,25.64,34.17,18.58,60.59,6.58,112.86,28.69,41.86,15.79,12.12,868.46,6.178
Karnataka,Wheat,Kharif,904.65,27.67,35.42,22.39,79.59,6.23,22.2,59.05,31.84,15.03,4.85,570.62,5.403
Maharashtra,Barley,Zaid,882.62,19.87,26.44,10.03,72.06,7.19,43.71,13.15,70.38,14.56,6.51,1011.97,4.214
Maharashtra,Barley,Zaid,1051.36,27.07,31.9,18.89,68.65,6.82,85.56,21.54,28.57,23.13,9.31,1093.74,5.575
Bihar,Rice,Zaid,878.0,29.78,36.02,25.43,69.37,5.0,56.45,57.19,25.9,4.29,1.56,591.27,6.045
Punjab,Cotton,Rabi,710.88,32.32,40.44,27.11,60.1,5.93,56.67,14.17,68.79,23.52,10.16,1164.54,3.41
Haryana,Wheat,Zaid,1208.83,29.54,36.47,24.6,90.68,5.98,46.69,28.57,42.46,18.81,13.92,521.44,5.635
Maharashtra,Wheat,Rabi,835.56,31.18,36.19,24.77,60.17,7.23,44.98,47.14,76.69,11.75,0.62,888.15,5.356
Uttar Pradesh,Maize,Zaid,732.39,25.92,31.99,17.69,63.09,5.78,66.4,47.62,22.76,17.45,10.18,570.74,4.524
Haryana,Soybean,Zaid,736.54,21.84,27.07,14.56,71.5,5.83,50.58,31.43,17.38,13.83,1.42,1138.61,4.242
Haryana,Rice,Zaid,1125.32,32.6,41.41,25.75,55.2,6.37,28.03,39.23,28.83,17.28,12.51,309.52,5.643
Maharashtra,Maize,Zaid,1082.89,28.39,34.51,19.39,63.54,6.48,34.09,11.16,18.3,22.65,13.3,1007.59,5.013
Karnataka,Wheat,Rabi,625.9,25.03,29.72,15.66,71.09,6.38,110.1,34.23,39.24,14.06,14.73,319.63,5.196
Haryana,Cotton,Rabi,759.46,22.56,27.8,16.13,63.77,6.79,92.32,51.82,41.59,10.86,7.7,766.35,3.55
Haryana,Wheat,Zaid,970.05,25.37,35.21,17.88,52.16,6.9,86.91,31.75,44.1,17.68,1.38,740.08,5.683
Bihar,Soybean,Zaid,622.68,26.26,31.27,18.73,70.97,6.01,102.53,19.45,61.32,22.06,10.37,885.75,3.907
Karnataka,Barley,Rabi,980.2,20.98,29.94,11.32,51.8,5.84,29.35,24.01,69.78,16.57,14.52,542.68,4.597
Karnataka,Cotton,Zaid,551.64,22.64,26.68,18.49,63.83,6.65,96.31,49.2,42.33,20.07,14.09,372.17,3.636
Haryana,Rice,Zaid,630.24,27.99,37.18,23.86,60.06,6.63,31.04,49.61,76.22,2.73,2.72,1174.1,6.03
Haryana,Cotton,Kharif,805.51,26.78,34.09,17.26,67.32,6.66,104.37,42.66,47.74,10.05,7.8,722.48,4.57
Maharashtra,Barley,Kharif,774.73,29.33,33.49,23.63,95.0,6.87,64.93,24.02,67.7,0.97,3.03,1026.95,4.911
Uttar Pradesh,Maize,Zaid,810.43,29.62,38.42,21.37,74.15,6.11,60.42,54.38,54.33,13.41,2.81,1114.33,5.09
Punjab,Barley,Rabi,791.35,23.43,28.4,15.84,57.82,6.84,76.93,22.01,76.51,21.57,4.68,728.81,4.96
Karnataka,Rice,Zaid,1053.93,21.97,26.94,14.66,70.76,5.04,56.57,58.38,42.0,3.84,12.59,1020.87,6.083
Uttar Pradesh,Maize,Zaid,798.01,24.91,29.13,19.72,75.37,5.79,43.07,15.57,76.68,3.25,4.23,382.63,4.696
Bihar,Rice,Kharif,1098.34,25.84,34.32,18.54,43.15,7.07,80.86,42.48,66.95,17.9,11.98,345.6,6.755
Uttar Pradesh,Barley,Zaid,683.39,14.06,19.52,4.86,90.0,6.56,56.79,54.9,44.59,17.51,12.01,827.9,4.158
Karnataka,Barley,Zaid,635.08,28.26,32.39,22.7,81.61,6.4,78.41,28.08,49.74,0.55,12.8,561.93,4.229
Maharashtra,Maize,Kharif,677.3,24.94,32.08,20.67,83.79,6.77,27.7,48.64,57.91,16.41,6.69,610.5,4.799
Haryana,Soybean,Kharif,598.38,29.85,36.37,24.52,60.29,6.88,35.45,46.46,56.78,2.21,2.17,833.85,4.02
Uttar Pradesh,Rice,Rabi,679.87,21.43,31.04,13.82,76.24,6.39,54.31,12.46,34.65,22.69,6.46,1064.67,5.521
Maharashtra,Rice,Rabi,877.41,34.62,41.49,29.06,67.57,6.08,21.45,24.23,79.32,1.91,5.13,521.42,5.333
Uttar Pradesh,Wheat,Rabi,1144.0,33.32,41.19,27.38,74.21,7.34,31.97,27.19,28.52,5.08,7.62,763.83,5.203
Maharashtra,Rice,Kharif,1013.55,23.17,27.62,15.23,58.6,6.59,79.7,54.46,19.35,9.07,14.79,382.29,6.221
Uttar Pradesh,Rice,Rabi,939.14,23.44,32.1,15.28,67.46,5.52,97.69,53.28,31.01,3.62,11.83,456.55,6.333
Uttar Pradesh,Wheat,Zaid,1131.0,25.41,29.62,16.66,43.19,6.67,55.85,18.27,22.34,7.27,8.47,410.01,5.978
Maharashtra,Cotton,Rabi,1027.15,26.18,30.41,21.96,47.62,5.82,33.13,49.35,61.52,0.6,0.89,395.03,3.736
Bihar,Wheat,Rabi,1053.87,16.49,24.85,7.98,66.15,6.74,119.02,27.96,23.18,9.4,3.74,731.01,5.781
Maharashtra,Wheat,Zaid,807.15,28.78,36.01,22.77,68.47,6.62,20.85,43.0,26.06,18.25,8.73,601.48,5.155
Punjab,Soybean,Zaid,1058.53,33.44,39.92,24.7,91.18,6.56,43.8,23.5,25.8,10.12,3.3,795.54,3.334
Haryana,Soybean,Zaid,1051.32,25.35,31.88,16.56,78.24,6.23,27.91,15.15,77.95,17.14,11.41,875.76,3.666
Punjab,Cotton,Rabi,417.12,20.94,28.52,16.0,43.37,6.52,92.66,21.56,55.04,16.65,5.26,1018.83,3.429
Bihar,Soybean,Kharif,981.92,22.42,29.78,14.87,55.96,6.01,33.57,30.44,26.55,7.36,2.35,412.5,3.759
Uttar Pradesh,Rice,Rabi,1031.75,23.22,32.5,14.28,51.77,7.58,116.26,57.44,35.36,21.65,11.99,975.8,6.742
Maharashtra,Wheat,Kharif,777.74,25.34,33.76,16.06,65.21,7.12,115.69,18.93,76.77,2.07,8.56,290.2,5.175
Maharashtra,Barley,Rabi,889.82,33.48,38.53,25.32,57.17,6.64,34.74,39.95,65.62,15.12,12.24,791.48,4.182
Bihar,Wheat,Kharif,959.85,24.34,29.16,16.76,59.52,6.34,108.21,57.84,31.46,5.57,3.6,587.42,5.785
Punjab,Maize,Rabi,1000.59,24.16,30.6,17.74,72.23,6.86,107.48,10.81,65.31,1.06,4.91,1079.66,6.063
Haryana,Wheat,Rabi,564.48,33.54,43.16,25.73,62.62,5.0,24.78,39.93,65.5,1.38,11.86,906.39,4.412
Haryana,Rice,Kharif,561.75,23.19,29.01,17.27,53.63,6.32,110.15,49.19,37.39,23.72,3.96,606.82,6.65
Maharashtra,Maize,Zaid,544.56,19.93,26.94,12.21,57.77,6.21,46.39,36.77,29.26,21.75,11.34,610.28,4.72
Punjab,Rice,Kharif,1121.95,23.07,31.57,13.3,65.67,5.6,81.05,24.06,24.19,24.06,12.24,1158.5,5.999
Punjab,Maize,Zaid,589.11,29.33,34.16,24.63,68.37,6.41,98.59,44.77,18.46,18.22,7.01,357.89,4.927
Maharashtra,Wheat,Rabi,563.65,22.1,28.33,14.06,69.41,6.48,81.85,22.19,39.39,17.81,8.58,568.66,4.798
Karnataka,Rice,Zaid,1117.23,24.27,31.48,15.07,65.55,7.15,25.65,24.91,20.08,1.28,13.82,916.87,5.791
Bihar,Soybean,Rabi,805.33,18.52,26.1,10.03,72.42,5.81,23.19,29.33,72.33,4.92,2.55,565.43,3.432
Bihar,Cotton,Zaid,1210.86,34.43,44.27,26.58,46.21,7.41,68.9,11.49,15.58,17.78,2.22,747.81,3.641
Uttar Pradesh,Cotton,Kharif,1029.53,25.05,30.84,15.2,84.97,6.05,59.19,45.56,68.05,7.93,14.9,1108.62,4.341
Uttar Pradesh,Maize,Zaid,751.21,25.56,34.52,21.42,47.13,6.95,111.76,29.91,72.69,11.83,4.69,1100.65,5.997
Haryana,Barley,Rabi,481.71,25.41,31.6,17.77,51.11,5.51,46.48,30.43,79.5,10.13,1.79,781.11,4.117
Uttar Pradesh,Wheat,Rabi,1135.0,31.51,39.33,21.54,69.69,7.38,105.7,55.84,46.08,19.8,3.33,803.13,5.819
Uttar Pradesh,Rice,Rabi,590.01,33.64,39.57,25.66,51.25,7.73,32.65,50.93,59.73,1.25,5.37,666.71,5.885
Punjab,Soybean,Zaid,970.95,25.39,29.95,19.8,48.8,6.22,62.45,43.11,50.2,3.72,3.73,422.52,4.408
Punjab,Soybean,Rabi,729.27,34.79,40.68,27.67,73.64,5.76,93.03,46.45,28.1,11.5,12.26,581.53,3.243
Maharashtra,Maize,Kharif,514.13,18.87,25.47,9.79,67.27,7.1,81.86,52.56,54.6,24.02,13.15,548.74,5.016
Uttar Pradesh,Maize,Zaid,975.44,28.69,36.59,24.13,71.78,6.87,78.73,11.29,60.2,12.65,9.57,515.67,4.911
Maharashtra,Rice,Rabi,1045.55,18.91,26.96,14.61,84.37,7.13,65.15,28.39,22.33,8.97,5.58,722.11,6.367
Punjab,Soybean,Rabi,1235.44,14.86,20.24,8.42,78.83,7.28,87.86,38.92,46.93,10.23,9.38,324.61,4.027
Haryana,Barley,Zaid,810.38,19.57,23.72,14.61,64.01,5.57,68.76,34.77,65.27,1.39,6.69,299.83,4.569
Haryana,Soybean,Zaid,592.91,20.41,28.06,11.88,67.49,5.29,49.25,36.01,31.8,12.42,2.62,765.4,3.862
Haryana,Soybean,Kharif,356.74,21.02,30.79,14.33,32.4,6.23,104.33,41.29,42.07,6.52,11.3,1145.47,3.873
Maharashtra,Soybean,Kharif,872.17,20.27,30.16,10.31,70.81,6.12,117.77,26.39,36.69,17.34,1.21,1025.77,4.979
Uttar Pradesh,Wheat,Kharif,760.97,26.36,30.75,17.6,69.94,6.61,31.6,25.26,38.44,17.24,11.92,1161.02,5.141
Karnataka,Barley,Rabi,857.9,38.04,45.6,31.21,74.17,7.56,102.86,22.08,37.29,17.77,11.78,1025.4,3.937
Karnataka,Wheat,Rabi,871.46,25.07,31.65,15.16,70.03,6.06,105.02,17.54,61.44,12.01,12.87,1107.45,6.391
Uttar Pradesh,Rice,Kharif,990.62,30.46,38.07,26.19,77.61,6.1,51.35,56.29,76.73,24.8,7.41,377.43,5.247
Punjab,Soybean,Kharif,1083.16,23.12,29.55,18.64,58.74,6.2,90.34,14.12,25.39,10.11,1.97,1134.04,4.554
Haryana,Cotton,Kharif,475.04,18.14,25.56,14.06,77.91,5.43,112.81,27.13,56.76,6.06,8.62,454.03,3.717
Haryana,Soybean,Zaid,682.78,26.79,32.82,18.13,71.18,5.68,48.25,16.78,59.08,12.01,8.19,720.53,3.732
Bihar,Cotton,Kharif,147.04,25.65,33.33,17.71,41.35,6.11,74.83,38.93,35.28,1.82,0.56,1036.13,3.521
Karnataka,Cotton,Zaid,670.92,23.71,32.71,15.52,62.86,6.27,70.7,27.35,62.25,17.31,5.0,1183.04,3.983
Uttar Pradesh,Cotton,Rabi,758.33,21.28,29.07,14.21,66.15,6.39,90.22,50.83,64.73,19.39,13.38,284.18,3.588
Bihar,Wheat,Kharif,688.51,31.54,41.54,26.5,84.93,6.78,66.45,30.94,46.93,23.24,7.44,714.63,5.115
Haryana,Maize,Zaid,901.41,25.69,34.76,18.37,77.09,5.5,86.95,38.25,71.12,19.71,10.19,864.76,5.224
Karnataka,Rice,Rabi,1042.81,23.28,30.94,16.34,65.12,5.38,84.6,27.11,38.16,6.54,14.45,1060.2,5.806
Maharashtra,Soybean,Rabi,781.95,35.02,39.35,30.81,53.69,7.19,80.43,49.07,23.98,11.29,10.49,1033.86,3.325
Haryana,Soybean,Zaid,536.88,32.44,41.07,25.11,60.09,6.48,71.77,18.88,51.6,23.73,10.73,498.8,2.751
Punjab,Maize,Kharif,876.56,35.87,41.96,26.22,65.08,6.99,86.74,36.63,23.94,5.51,3.1,786.79,5.25
Bihar,Cotton,Rabi,742.85,24.84,29.78,14.98,95.0,7.23,82.09,37.81,29.68,16.92,1.91,219.37,3.914
Haryana,Barley,Rabi,975.98,26.21,32.14,17.89,93.23,5.58,119.91,41.92,63.66,6.68,9.82,711.01,5.037
Bihar,Barley,Zaid,780.19,31.52,40.83,23.98,44.75,6.4,27.69,15.4,78.5,5.7,10.52,836.53,4.061
Bihar,Rice,Kharif,849.36,22.57,27.69,14.23,45.38,5.83,63.63,22.51,67.48,4.81,14.03,1084.57,5.623
Haryana,Cotton,Kharif,835.48,22.85,30.62,18.66,63.16,6.25,77.38,35.45,20.38,20.49,4.3,741.48,3.817
Haryana,Maize,Zaid,989.88,14.02,23.16,8.6,48.02,6.19,118.61,57.7,43.74,13.34,9.17,475.04,5.315
Uttar Pradesh,Maize,Zaid,884.06,23.64,33.16,18.95,65.9,5.97,34.61,11.03,38.62,16.17,8.06,874.54,4.487
Karnataka,Rice,Kharif,851.56,24.61,31.95,19.13,69.98,6.27,83.23,16.02,57.54,10.73,10.91,252.19,5.627
Punjab,Wheat,Rabi,724.88,40.8,45.24,32.52,45.8,6.96,102.47,50.48,70.52,8.49,8.16,973.35,5.513
Maharashtra,Soybean,Zaid,701.1,25.13,32.09,18.22,50.63,7.02,92.71,37.05,49.4,5.28,10.51,592.03,3.829
Bihar,Wheat,Rabi,835.26,24.46,34.35,18.26,76.5,5.98,83.31,21.72,18.36,11.23,0.65,271.0,4.898
Punjab,Barley,Zaid,993.88,19.35,27.81,10.65,46.18,7.41,56.09,57.46,57.98,19.83,14.55,431.44,4.432
Karnataka,Rice,Kharif,803.98,29.55,35.32,21.21,61.09,6.36,30.09,53.17,47.36,11.0,7.76,400.21,5.191
Bihar,Wheat,Zaid,758.86,21.11,27.66,16.82,54.27,6.26,56.1,47.98,32.16,20.95,1.6,940.71,5.934
Bihar,Soybean,Zaid,902.99,21.69,27.37,11.89,54.37,6.78,60.21,15.46,53.39,17.66,6.36,606.03,4.1
Bihar,Rice,Kharif,938.94,27.31,31.34,18.17,47.79,7.6,35.22,32.4,27.07,18.53,1.34,749.71,5.839
Maharashtra,Barley,Zaid,702.16,24.66,29.98,20.27,95.0,6.97,47.98,25.35,23.26,19.0,13.9,989.75,3.903
Karnataka,Cotton,Zaid,592.9,29.65,33.66,22.72,66.31,5.49,104.62,10.4,62.46,24.71,7.49,571.24,2.94
Uttar Pradesh,Maize,Zaid,1251.66,25.95,33.59,16.31,62.84,6.48,119.33,18.81,20.0,14.95,0.85,380.43,4.721
Haryana,Rice,Rabi,871.98,23.99,31.85,15.16,70.56,6.88,109.42,51.9,23.66,23.94,13.43,520.93,6.495
Karnataka,Cotton,Zaid,623.9,15.91,20.37,10.44,63.6,6.89,93.67,24.6,44.42,13.51,4.13,851.96,3.286
Bihar,Maize,Kharif,487.68,21.91,29.18,13.24,78.72,8.12,85.75,44.67,67.94,4.94,7.99,860.83,4.1
Karnataka,Maize,Kharif,809.88,32.36,38.61,27.06,61.9,5.25,32.08,11.76,17.92,5.19,9.32,217.65,3.544
Haryana,Barley,Kharif,991.3,33.71,41.84,25.32,52.47,5.85,89.03,12.83,43.65,19.31,5.01,581.56,4.439
Punjab,Maize,Rabi,704.22,22.47,26.63,18.44,60.11,6.45,101.98,55.6,49.7,11.49,6.09,246.42,5.682
Bihar,Maize,Rabi,873.81,30.78,36.13,22.52,76.81,7.44,20.87,18.52,45.62,21.34,14.49,794.87,4.953
Haryana,Maize,Zaid,900.34,19.08,26.39,10.07,67.54,6.53,23.61,22.7,60.38,9.33,2.8,305.77,5.288
Haryana,Barley,Rabi,887.17,26.01,30.93,19.01,55.61,6.19,25.8,31.18,15.04,19.76,2.91,1124.92,4.257
Uttar Pradesh,Cotton,Zaid,1021.7,20.35,26.49,11.38,48.5,6.83,55.34,21.87,22.97,16.34,5.52,425.38,4.267
Karnataka,Rice,Zaid,1036.67,24.31,31.76,17.29,66.58,6.34,74.39,51.26,57.61,20.02,10.55,1120.96,7.14
Haryana,Soybean,Rabi,476.12,25.98,33.57,17.73,58.35,6.75,51.89,52.95,22.0,16.03,13.41,452.69,3.781
Maharashtra,Maize,Kharif,921.05,15.78,25.13,10.55,71.95,7.13,24.08,14.79,78.16,16.78,0.99,994.2,4.823
Punjab,Cotton,Zaid,733.22,33.04,38.27,23.77,71.51,6.66,47.28,48.37,60.9,22.63,3.83,986.36,3.207
Haryana,Maize,Kharif,1034.67,17.13,24.92,9.83,65.62,7.31,101.43,34.32,59.22,12.18,11.3,334.33,5.708
Maharashtra,Wheat,Kharif,1363.92,21.81,26.67,11.95,65.5,6.42,57.34,41.02,26.68,13.56,10.98,294.06,6.095
Karnataka,Cotton,Rabi,436.1,30.51,39.55,25.88,64.96,6.77,21.19,59.3,53.89,15.39,14.4,1032.03,2.806
Maharashtra,Cotton,Rabi,1294.88,28.56,34.64,22.35,62.66,7.16,64.67,25.47,25.75,9.65,7.47,920.73,4.409
Maharashtra,Cotton,Kharif,964.68,24.91,31.29,15.04,72.47,5.52,92.51,35.46,17.86,4.46,14.06,303.16,3.597
Uttar Pradesh,Wheat,Rabi,893.39,31.01,36.03,25.31,73.83,5.41,41.46,16.46,75.17,4.47,13.25,850.46,4.402
Bihar,Rice,Zaid,935.11,16.61,25.99,8.87,60.4,7.04,21.49,34.97,55.55,16.64,5.32,671.28,5.719
Maharashtra,Soybean,Kharif,946.93,29.01,33.02,24.87,52.12,6.24,103.95,18.65,15.9,10.01,11.17,1171.73,4.003
Bihar,Wheat,Rabi,773.64,30.22,39.77,23.85,59.84,5.66,30.56,36.24,73.97,8.13,12.1,369.2,4.135
Karnataka,Soybean,Kharif,696.9,29.74,38.02,22.64,52.72,6.49,115.73,42.79,67.6,17.58,12.53,362.49,3.521
Uttar Pradesh,Cotton,Zaid,897.16,26.76,35.97,18.79,71.17,6.88,33.95,21.63,78.37,19.39,14.08,1006.62,3.657
Haryana,Wheat,Kharif,742.65,30.13,39.29,23.97,40.23,5.96,52.61,53.03,15.68,11.18,14.17,742.64,4.338
Punjab,Maize,Kharif,619.94,22.25,27.02,17.27,57.5,6.55,115.01,16.19,39.9,22.05,2.05,683.6,4.659
Karnataka,Wheat,Kharif,1086.76,27.81,35.89,21.63,47.62,6.46,102.54,26.08,23.96,13.2,13.85,208.48,5.54
Uttar Pradesh,Maize,Rabi,487.88,27.31,31.58,21.27,87.61,7.69,68.77,49.53,35.66,18.74,2.62,760.72,4.829
Karnataka,Soybean,Rabi,511.68,29.22,38.66,20.27,67.82,6.61,70.37,25.9,72.68,5.14,3.69,886.71,3.304
Maharashtra,Cotton,Zaid,828.77,15.34,22.99,10.06,59.58,6.4,28.88,38.99,37.63,6.46,3.68,1148.58,4.26
Haryana,Rice,Rabi,462.04,26.04,35.56,21.44,77.9,6.45,100.91,42.57,65.01,10.82,7.59,901.66,6.517
Maharashtra,Wheat,Rabi,817.39,22.21,26.27,15.71,64.75,5.88,90.4,38.11,60.08,0.5,1.36,898.46,6.122
Uttar Pradesh,Rice,Kharif,1009.28,32.87,41.3,24.52,58.66,6.92,26.33,28.06,49.29,19.18,5.35,475.12,5.627
Karnataka,Soybean,Kharif,1047.81,18.64,25.05,12.84,65.79,7.38,53.77,25.68,66.06,1.66,6.14,237.52,4.124
Uttar Pradesh,Soybean,Kharif,694.49,26.95,32.84,18.8,62.62,6.35,61.08,28.79,74.41,21.0,14.51,266.49,2.988
Uttar Pradesh,Barley,Kharif,920.53,29.0,37.74,23.66,56.03,5.53,80.37,27.71,27.21,3.79,11.29,669.13,4.571
Bihar,Maize,Zaid,771.6,17.84,24.47,8.1,55.94,6.81,109.03,54.59,47.44,3.58,4.93,954.15,5.382
Uttar Pradesh,Barley,Rabi,936.31,27.72,35.22,17.79,70.04,5.96,74.91,53.46,54.33,12.94,2.28,903.21,5.279
Punjab,Wheat,Kharif,464.75,20.39,30.38,12.11,83.33,6.74,70.89,58.71,42.13,20.28,8.13,423.96,4.52
Karnataka,Maize,Kharif,463.52,21.38,27.6,12.05,67.49,6.2,75.56,10.38,27.27,23.32,9.26,1129.55,4.104
Uttar Pradesh,Wheat,Kharif,803.59,17.4,21.51,7.69,66.94,5.69,74.47,38.23,38.36,20.8,4.33,692.24,4.904
Haryana,Barley,Zaid,742.63,37.25,45.2,29.2,60.6,6.02,87.96,13.86,29.23,19.91,6.81,698.04,4.416
Haryana,Maize,Rabi,831.76,29.97,35.44,21.62,70.24,5.9,45.5,36.09,15.97,17.2,9.41,221.8,4.162
Punjab,Maize,Zaid,806.79,39.09,43.95,33.93,56.53,7.11,77.63,38.39,57.03,11.29,1.29,596.5,4.814
Uttar Pradesh,Rice,Zaid,651.09,22.41,29.45,14.9,74.93,5.92,84.72,23.35,47.94,1.07,2.38,718.25,5.715
Bihar,Cotton,Zaid,387.03,24.97,33.32,19.94,47.55,6.2,46.41,40.83,46.57,3.23,11.88,625.86,2.569
Punjab,Maize,Kharif,847.99,24.07,31.04,18.28,70.4,6.04,111.8,31.05,34.76,9.84,14.85,818.8,5.67
Uttar Pradesh,Soybean,Kharif,1238.38,21.99,27.64,15.13,63.3,6.4,39.76,28.6,65.72,13.41,3.03,596.06,4.386
Bihar,Barley,Zaid,951.24,26.81,35.04,21.3,53.69,6.47,39.96,33.4,31.59,6.28,8.81,967.35,5.084
Bihar,Rice,Rabi,1072.82,27.33,32.52,17.96,79.48,6.82,99.57,42.29,31.99,16.06,2.37,269.41,5.686
Karnataka,Wheat,Kharif,832.51,19.14,28.84,12.51,60.72,7.61,54.42,44.8,57.93,19.39,5.81,252.24,4.926
Bihar,Soybean,Rabi,837.71,18.86,23.36,14.75,71.37,6.77,98.27,18.14,41.48,23.02,2.99,261.53,3.794
Karnataka,Soybean,Kharif,1242.37,22.31,30.8,18.19,77.53,6.29,63.37,58.11,57.41,3.18,7.88,895.62,5.07
Maharashtra,Soybean,Rabi,973.55,30.1,38.24,21.45,67.1,6.85,112.53,33.67,25.42,19.44,4.03,1042.82,4.035
Maharashtra,Soybean,Kharif,771.27,29.97,39.52,24.69,48.06,6.79,96.92,55.98,40.61,2.29,12.17,1042.86,4.788
Haryana,Barley,Rabi,938.39,25.82,32.41,20.78,78.95,7.15,113.44,38.45,48.44,10.87,6.31,1017.97,5.63
Uttar Pradesh,Soybean,Rabi,1034.29,26.7,31.22,18.04,69.92,6.45,66.93,31.56,59.45,15.41,14.59,338.9,3.75
Haryana,Cotton,Kharif,1239.52,26.72,35.53,19.99,44.34,6.18,27.08,54.89,62.51,19.13,13.18,991.57,4.529
Punjab,Soybean,Zaid,433.22,21.99,31.69,13.39,50.36,7.51,107.98,17.1,52.97,9.77,4.88,877.38,3.294
Bihar,Wheat,Zaid,989.26,27.37,34.84,20.39,48.71,5.56,26.37,52.76,54.47,4.54,4.82,1189.93,5.644
Karnataka,Maize,Kharif,1023.7,30.55,39.91,23.27,56.59,6.82,103.34,49.31,78.51,16.1,5.16,697.93,5.556
Punjab,Rice,Kharif,760.49,24.13,33.03,19.26,77.35,6.68,89.79,47.97,44.64,12.21,2.41,901.83,5.963
Uttar Pradesh,Rice,Kharif,335.66,34.98,40.75,30.79,51.68,7.12,39.59,49.78,34.03,19.05,14.26,774.27,5.225
Karnataka,Wheat,Zaid,702.38,16.9,25.88,8.01,57.42,5.92,73.06,51.39,71.76,12.27,14.79,1074.82,5.464
Punjab,Wheat,Kharif,1018.46,24.98,29.64,18.16,76.48,6.49,104.71,48.21,41.5,3.99,10.21,381.29,6.037
Uttar Pradesh,Cotton,Zaid,950.98,23.47,32.45,16.86,95.0,6.69,81.47,24.79,48.0,19.28,0.75,763.92,4.534
Haryana,Cotton,Rabi,748.16,24.37,34.29,14.37,58.51,7.08,97.7,54.83,48.75,1.36,10.79,1184.6,4.371
Maharashtra,Maize,Rabi,759.61,28.12,34.39,18.47,62.77,6.85,101.85,48.64,48.57,12.67,12.62,624.79,5.238
Haryana,Maize,Kharif,788.87,29.34,34.41,21.47,78.11,7.26,68.5,56.49,73.53,5.04,10.45,414.62,4.48
Punjab,Wheat,Rabi,590.01,31.23,40.03,22.45,69.45,5.86,62.29,39.28,24.72,8.71,13.34,676.55,4.992
Maharashtra,Rice,Kharif,1229.41,15.38,20.94,9.88,78.83,7.36,93.78,16.86,16.96,4.8,14.1,1016.29,5.987
Punjab,Barley,Zaid,629.96,31.15,36.99,21.51,49.47,5.93,44.95,39.73,18.99,13.98,8.98,490.97,3.483
Haryana,Wheat,Rabi,728.24,26.93,34.44,21.12,77.11,6.07,27.16,47.21,62.23,6.99,5.65,1157.26,5.589
Karnataka,Rice,Kharif,767.82,26.71,34.85,19.55,80.31,6.81,96.04,12.1,35.34,17.27,5.28,278.54,6.203
Uttar Pradesh,Maize,Kharif,664.55,20.9,29.55,13.09,43.78,6.8,41.44,55.29,60.93,1.84,12.09,706.43,5.129
Punjab,Rice,Rabi,600.93,27.11,32.75,19.32,75.37,7.08,69.3,29.55,64.55,7.85,3.52,745.83,5.766
Punjab,Cotton,Kharif,999.38,19.77,29.61,13.05,68.49,6.15,46.14,59.78,51.61,6.2,7.69,535.38,3.836
Haryana,Barley,Kharif,892.75,31.27,40.64,25.89,62.22,8.38,57.74,13.02,33.96,6.43,13.12,663.85,3.956
Bihar,Barley,Zaid,663.37,26.81,30.95,22.19,68.83,6.12,60.3,33.85,30.95,2.12,10.32,223.66,4.33
Haryana,Barley,Zaid,1274.18,28.51,36.43,18.92,49.57,7.07,81.71,50.14,15.07,13.41,9.97,917.21,5.707
Haryana,Soybean,Zaid,746.7,19.61,29.13,10.24,41.4,6.56,98.88,46.25,47.85,10.03,2.3,985.14,5.161
Punjab,Barley,Rabi,731.3,29.45,36.3,22.72,50.5,6.14,116.08,50.94,45.06,5.65,6.06,1138.3,5.39
Uttar Pradesh,Barley,Rabi,1015.07,35.2,44.89,27.87,52.79,7.1,41.82,19.38,77.61,17.39,8.28,332.05,4.289
Uttar Pradesh,Cotton,Zaid,925.5,28.93,38.25,19.46,70.5,5.94,47.92,32.55,29.29,13.52,8.88,537.84,3.12
Punjab,Cotton,Rabi,823.11,20.38,25.71,15.67,30.0,6.42,80.92,45.75,51.46,4.93,12.78,1027.97,3.528
Punjab,Wheat,Zaid,905.59,29.32,33.56,20.04,51.87,5.69,31.99,50.37,57.09,8.8,13.32,765.57,5.732
Uttar Pradesh,Cotton,Zaid,999.93,31.44,38.87,24.34,71.64,6.57,88.62,31.54,75.75,24.14,11.63,442.49,4.088
Bihar,Cotton,Kharif,1001.45,33.48,39.74,27.9,76.18,6.21,106.32,55.55,48.7,11.66,8.52,1047.74,3.721
Haryana,Soybean,Kharif,291.85,24.0,31.66,15.17,66.08,6.96,56.98,22.67,23.67,9.44,13.14,618.81,2.656
Punjab,Barley,Zaid,855.86,23.22,27.71,16.73,59.31,5.74,48.1,21.09,37.44,22.51,6.76,617.83,4.261
Bihar,Rice,Zaid,1316.5,20.73,26.69,10.99,77.68,6.26,72.0,21.39,63.94,16.6,10.45,393.49,6.704
Bihar,Wheat,Kharif,720.76,23.61,32.81,16.07,59.88,5.04,87.81,28.73,17.8,20.49,1.25,872.3,5.103
Maharashtra,Barley,Zaid,1176.91,21.89,29.89,14.21,47.22,6.68,99.98,32.51,42.86,9.36,6.09,719.96,4.969
Haryana,Soybean,Rabi,993.28,20.3,26.96,12.29,66.67,6.09,87.64,13.86,77.04,8.22,5.64,422.84,3.469
Uttar Pradesh,Cotton,Zaid,561.13,24.92,30.01,15.07,60.69,6.19,106.17,55.31,46.14,4.68,5.24,492.45,3.606
Uttar Pradesh,Wheat,Kharif,731.64,17.45,21.74,12.79,60.43,6.44,34.63,21.52,63.81,5.41,1.01,1105.86,5.106
Haryana,Wheat,Rabi,805.18,30.44,38.76,24.94,73.5,6.01,78.84,10.45,72.44,18.33,11.92,271.83,5.461
Bihar,Barley,Zaid,584.0,25.37,31.92,17.16,76.58,6.94,42.73,10.88,55.24,21.68,1.46,597.57,3.994
Karnataka,Barley,Rabi,886.24,28.0,32.7,20.03,47.4,6.55,81.08,10.83,26.34,4.56,1.92,935.48,5.435
Bihar,Barley,Zaid,538.74,30.98,38.03,23.11,41.75,6.54,81.62,48.69,35.31,2.45,2.76,291.56,4.355
Maharashtra,Rice,Zaid,871.78,26.35,32.58,18.45,48.63,7.48,29.65,22.41,34.07,18.08,10.27,947.08,5.293
Karnataka,Rice,Zaid,1180.11,34.3,41.85,27.66,65.64,5.25,33.72,49.63,20.11,12.76,9.85,1021.69,5.419
Haryana,Wheat,Zaid,1262.36,25.99,33.16,19.21,72.71,7.56,40.0,33.71,18.28,6.12,5.63,687.63,5.437
Uttar Pradesh,Soybean,Rabi,710.93,27.35,31.73,22.53,54.43,6.22,24.97,19.28,35.74,8.33,14.4,403.77,2.749
Maharashtra,Barley,Zaid,813.81,26.15,32.6,20.31,79.06,7.17,70.17,13.85,71.08,7.48,14.44,1131.54,4.466
Haryana,Wheat,Kharif,647.27,28.91,36.22,21.97,56.09,7.36,107.61,46.74,56.74,12.75,14.82,1159.16,5.961
Uttar Pradesh,Barley,Kharif,730.79,25.26,34.51,21.19,78.32,6.66,78.62,38.04,26.43,3.07,3.72,548.71,4.741
Uttar Pradesh,Rice,Zaid,944.57,20.62,27.69,11.46,68.64,5.98,89.2,12.21,68.95,24.06,9.31,1156.51,6.089
Maharashtra,Rice,Zaid,1189.35,27.53,33.0,20.66,67.2,6.71,81.28,19.06,36.2,5.29,10.6,716.57,6.744
Karnataka,Wheat,Kharif,1118.62,23.71,30.22,19.47,64.22,5.56,35.75,35.94,74.98,5.41,2.05,1025.28,6.201
Bihar,Maize,Rabi,712.92,26.09,35.63,21.06,72.48,6.43,101.29,18.53,43.22,3.66,14.42,262.69,4.486
Punjab,Wheat,Zaid,538.8,23.48,31.37,18.33,70.21,6.32,53.36,22.59,24.11,17.8,2.94,492.13,4.467
Maharashtra,Rice,Rabi,511.95,23.91,33.14,15.83,84.98,5.67,34.86,58.9,66.13,14.53,2.9,372.68,6.309
Maharashtra,Barley,Rabi,546.66,26.52,31.64,21.58,54.1,7.14,75.54,57.36,63.72,19.33,7.88,1015.45,4.778
Uttar Pradesh,Soybean,Zaid,1055.08,25.36,30.08,20.89,78.98,5.58,35.88,13.71,72.62,3.74,1.01,921.05,3.866
Uttar Pradesh,Rice,Rabi,523.69,22.26,30.79,13.16,82.05,6.37,46.78,12.53,33.27,1.13,11.93,455.93,5.155
Karnataka,Cotton,Rabi,680.13,28.16,34.36,23.63,51.18,7.22,25.33,54.91,15.34,12.57,6.65,852.74,3.1
Punjab,Soybean,Zaid,755.57,20.95,29.84,12.41,68.68,5.64,23.89,14.09,18.5,1.1,2.72,1057.14,3.145
Bihar,Soybean,Zaid,512.51,34.78,39.52,26.58,56.27,6.31,115.47,53.53,30.16,18.55,2.01,226.74,3.636
Maharashtra,Barley,Kharif,665.0,26.53,36.45,19.33,60.63,6.32,72.0,33.51,54.84,22.2,4.87,686.97,4.631
Bihar,Soybean,Zaid,965.71,23.69,33.68,16.19,50.2,6.54,55.32,59.3,42.99,6.14,8.76,604.76,4.525
Karnataka,Barley,Zaid,800.52,32.12,36.57,23.78,67.71,7.19,77.77,12.48,18.87,18.32,2.03,441.84,4.373
Uttar Pradesh,Wheat,Rabi,1047.3,22.61,26.91,16.05,82.32,7.52,89.58,39.46,37.57,7.27,9.96,333.62,5.301
Bihar,Maize,Rabi,1075.5,28.72,33.94,18.95,87.82,5.56,104.89,37.19,43.7,5.14,2.72,631.97,5.08
Uttar Pradesh,Wheat,Zaid,1025.7,32.76,41.76,22.8,50.07,6.78,100.61,13.4,36.72,5.87,10.13,755.3,5.141
Bihar,Barley,Zaid,821.44,13.36,23.19,4.7,93.5,5.42,40.92,31.14,30.39,22.58,10.23,616.73,3.6
Maharashtra,Rice,Zaid,705.18,29.62,34.16,20.53,65.47,6.37,119.36,19.51,21.57,16.14,6.2,291.84,5.658
Haryana,Cotton,Kharif,931.54,27.6,36.75,22.73,71.45,6.37,48.67,21.96,66.15,8.96,7.69,873.9,3.903
Haryana,Cotton,Kharif,582.16,16.15,22.07,8.12,52.07,6.56,42.84,17.07,46.66,13.02,11.71,909.83,2.575
Maharashtra,Rice,Zaid,1088.2,24.2,31.85,16.66,75.98,6.04,54.97,26.95,69.21,10.84,8.15,762.87,5.975
Haryana,Soybean,Zaid,672.99,30.88,38.81,26.0,48.37,6.14,61.73,25.07,40.21,18.17,10.0,902.09,3.493
Karnataka,Rice,Rabi,824.81,24.37,33.03,20.34,45.1,5.86,114.54,35.35,38.68,10.41,7.05,1067.83,6.093
Bihar,Soybean,Kharif,417.59,21.81,27.42,14.24,71.65,5.99,94.63,20.0,32.1,8.02,12.77,932.08,3.22
Haryana,Maize,Zaid,923.69,23.94,29.18,16.92,79.99,6.8,72.04,14.0,45.07,16.47,9.4,254.35,5.418
Maharashtra,Soybean,Rabi,1044.14,29.53,35.39,21.22,58.17,7.75,29.46,37.39,53.51,8.04,1.18,252.1,4.267
Maharashtra,Barley,Zaid,580.81,31.79,38.05,22.0,43.6,5.83,100.88,28.07,61.37,14.69,6.65,1193.11,4.503
Maharashtra,Soybean,Zaid,962.04,24.81,29.73,18.95,66.47,8.16,31.44,41.09,51.87,16.89,10.23,1159.47,3.645
Haryana,Rice,Kharif,960.58,30.27,34.69,25.38,58.96,6.99,79.01,47.73,15.77,5.96,5.97,706.82,6.306
Karnataka,Cotton,Zaid,669.53,27.89,31.9,21.82,74.46,6.14,24.48,36.5,52.56,17.63,9.76,208.14,2.907
Punjab,Cotton,Kharif,941.95,32.43,40.18,24.51,74.47,6.02,93.7,34.47,37.12,4.58,4.7,963.83,3.987
Uttar Pradesh,Soybean,Zaid,1143.29,28.9,36.94,21.24,66.17,5.84,104.28,58.21,45.32,23.36,14.97,686.2,4.807
Haryana,Rice,Rabi,1011.92,22.29,31.02,16.34,62.52,6.31,89.55,24.29,45.55,4.95,4.08,289.85,6.195
Haryana,Rice,Zaid,1130.89,30.27,35.87,21.1,60.84,6.84,83.5,10.79,74.38,21.51,9.71,734.77,5.898
Uttar Pradesh,Cotton,Rabi,894.79,28.83,33.18,24.08,64.95,5.95,109.24,21.95,35.77,5.96,8.41,817.09,3.486
Bihar,Soybean,Rabi,1763.27,31.97,39.45,25.86,54.83,7.1,41.67,11.93,54.58,17.37,0.55,710.79,4.624
Haryana,Barley,Zaid,713.51,18.97,26.52,9.99,71.93,6.9,51.44,29.9,78.55,3.13,12.04,211.57,4.609
Punjab,Wheat,Kharif,755.11,26.33,31.87,20.03,49.17,7.25,62.33,32.85,33.22,7.32,10.86,817.84,4.913
Punjab,Wheat,Rabi,888.94,31.81,41.33,26.2,42.92,6.93,99.48,43.38,78.91,11.32,11.25,898.81,6.029
Uttar Pradesh,Cotton,Zaid,582.56,18.9,25.25,10.41,71.25,6.25,98.85,39.8,24.1,16.07,13.36,843.17,3.371
Maharashtra,Barley,Zaid,622.71,22.35,29.08,16.91,48.81,6.25,83.15,17.1,43.04,13.32,6.85,1054.93,5.146
Punjab,Maize,Rabi,819.94,25.75,30.52,17.16,54.83,7.06,37.8,47.69,30.99,6.7,2.08,920.61,4.965
Haryana,Barley,Rabi,975.82,33.24,42.89,27.31,87.29,6.06,27.39,33.44,31.27,22.21,8.0,433.37,4.579
Haryana,Rice,Kharif,1001.01,28.62,33.27,23.49,57.05,6.84,112.11,22.84,70.71,9.38,2.59,1004.71,6.567
Maharashtra,Barley,Rabi,428.32,27.39,33.52,22.94,57.34,5.91,45.53,21.8,74.02,19.21,7.13,1155.42,3.926
Bihar,Soybean,Zaid,719.71,25.59,29.92,15.6,73.95,7.15,41.78,23.84,44.22,8.41,0.81,856.26,3.122
Haryana,Soybean,Zaid,492.44,26.96,32.13,19.21,66.66,6.61,51.84,53.39,47.86,13.53,10.97,777.89,4.062
Uttar Pradesh,Maize,Zaid,674.6,23.27,28.0,15.06,48.21,6.42,73.92,45.17,47.79,3.93,1.8,638.86,5.061
Haryana,Soybean,Rabi,966.42,25.32,32.38,20.63,80.98,5.51,99.42,26.26,43.34,4.62,14.49,286.08,4.089
Uttar Pradesh,Maize,Zaid,721.21,17.48,21.74,10.14,49.1,6.97,119.0,16.31,40.51,22.6,13.21,523.59,4.587
Haryana,Barley,Zaid,852.05,27.05,31.49,19.36,65.04,8.03,49.28,29.6,47.21,10.06,6.12,315.73,4.787
Karnataka,Soybean,Rabi,943.97,23.63,30.13,16.03,81.12,6.33,89.79,15.17,34.82,0.93,7.09,629.43,3.298
Bihar,Rice,Kharif,777.61,25.45,33.77,21.03,48.63,6.33,91.57,19.96,76.58,24.95,12.37,499.71,5.838
Punjab,Cotton,Zaid,532.36,27.36,32.42,21.39,56.85,5.96,71.97,34.02,63.8,20.74,11.59,584.43,3.319
Punjab,Barley,Zaid,885.18,30.46,36.92,21.83,77.39,6.32,23.66,54.88,68.3,13.35,10.73,303.92,4.703
Uttar Pradesh,Wheat,Kharif,511.37,18.89,23.03,11.12,62.62,5.51,27.04,14.06,45.31,24.85,4.51,812.53,4.334
Punjab,Soybean,Zaid,749.91,31.54,37.53,24.9,61.86,6.2,58.07,25.21,67.62,23.29,9.65,823.63,3.729
Punjab,Rice,Kharif,976.44,24.31,29.01,16.39,61.92,5.54,58.26,22.45,24.48,4.08,4.21,736.85,5.834
Haryana,Cotton,Zaid,862.78,21.5,28.62,13.7,63.01,7.95,53.17,17.42,66.78,1.86,10.28,1064.46,3.277
Punjab,Soybean,Kharif,731.59,21.08,30.99,12.93,75.48,6.62,90.94,46.13,19.31,5.95,0.69,709.81,4.197
Punjab,Cotton,Rabi,707.38,28.94,33.39,19.43,69.97,6.39,44.6,58.49,64.75,17.01,3.73,713.09,3.538
Bihar,Cotton,Kharif,1137.19,24.25,32.44,17.08,72.8,6.88,32.6,48.01,16.6,1.78,13.62,904.0,3.888
Uttar Pradesh,Soybean,Kharif,1015.83,17.07,23.82,11.85,83.24,5.74,70.73,18.5,18.02,4.01,13.11,376.15,3.262
Punjab,Soybean,Kharif,602.29,29.95,39.61,21.96,68.39,6.42,24.04,57.53,77.17,7.27,9.61,401.92,3.057
Punjab,Wheat,Zaid,530.45,30.83,39.13,25.5,65.34,6.68,96.41,60.0,17.62,5.46,2.6,354.43,4.605
Bihar,Barley,Zaid,603.1,27.17,33.43,21.26,77.8,6.78,55.09,55.71,47.4,5.11,7.51,874.7,5.002
Uttar Pradesh,Rice,Zaid,998.57,15.58,22.36,9.1,79.95,5.28,59.7,19.03,53.21,4.02,3.74,761.09,5.668
Karnataka,Cotton,Kharif,958.97,30.95,35.47,24.01,49.69,6.56,92.62,41.02,44.14,23.67,1.98,1080.0,4.554
Bihar,Cotton,Rabi,791.27,28.76,34.16,19.52,64.33,5.94,81.95,20.75,42.84,23.49,3.95,1121.58,2.907
Punjab,Wheat,Kharif,950.22,29.92,37.65,19.98,67.26,5.97,41.33,37.12,30.26,22.54,3.27,353.96,4.93
Haryana,Cotton,Kharif,571.16,17.98,26.66,12.45,58.35,6.22,97.55,26.15,51.7,9.85,3.22,785.63,3.506
Uttar Pradesh,Rice,Rabi,561.52,26.84,35.43,22.52,50.76,6.51,42.35,28.73,21.09,15.0,10.24,991.84,5.149
Uttar Pradesh,Rice,Rabi,473.04,24.28,29.52,16.38,69.84,6.63,98.11,55.75,76.69,15.94,14.51,1111.42,6.414
Karnataka,Barley,Zaid,802.06,23.82,29.61,16.92,63.25,6.03,22.91,42.53,72.8,24.95,7.0,460.14,4.166
Punjab,Wheat,Kharif,1079.99,25.71,30.29,21.6,60.13,6.17,104.27,42.12,43.07,6.04,7.47,362.99,5.67
Karnataka,Barley,Rabi,1019.56,19.51,25.18,10.49,58.69,5.84,72.81,53.8,29.81,10.34,12.05,332.96,5.01
Bihar,Soybean,Rabi,640.83,20.74,29.41,15.01,50.4,7.29,41.3,46.65,29.01,5.79,0.97,796.86,3.944
Karnataka,Wheat,Rabi,625.19,28.46,35.29,19.3,70.07,6.01,101.01,39.22,57.48,4.92,6.84,1080.58,5.044
Bihar,Maize,Kharif,1245.78,17.02,24.88,7.51,62.1,6.4,43.14,20.9,62.85,2.47,4.02,1085.9,5.107
Punjab,Rice,Rabi,750.51,25.76,34.89,17.66,66.03,7.14,45.8,45.11,48.11,18.81,7.94,527.38,5.501
Bihar,Rice,Kharif,1068.34,31.46,36.9,23.46,59.09,6.99,21.13,42.8,25.61,4.92,8.6,575.41,5.351
Haryana,Maize,Zaid,1121.02,23.87,31.13,14.75,55.81,6.9,75.24,14.15,50.47,11.07,11.49,1047.9,5.612
Uttar Pradesh,Maize,Kharif,967.43,26.12,33.89,19.09,54.71,6.7,28.25,25.1,54.38,6.77,4.4,539.57,4.3
Bihar,Maize,Kharif,656.36,27.06,33.58,20.95,80.77,7.61,87.93,55.69,55.89,6.61,9.31,601.88,4.95
Maharashtra,Wheat,Zaid,1256.57,22.72,27.79,15.1,64.85,6.57,52.93,12.98,45.57,12.85,11.67,840.29,6.345
Uttar Pradesh,Rice,Kharif,1203.19,26.67,35.15,16.93,67.22,6.26,59.27,46.89,74.28,23.02,2.78,404.1,6.651
Maharashtra,Cotton,Rabi,639.1,31.99,40.1,26.82,65.15,6.89,35.85,49.72,51.21,12.18,4.5,1183.85,3.751
Uttar Pradesh,Barley,Zaid,891.03,28.74,38.37,21.23,67.97,6.39,48.17,46.84,36.76,18.35,14.31,639.31,3.781
Uttar Pradesh,Cotton,Rabi,954.0,23.79,30.73,16.37,61.73,5.74,48.15,30.76,73.17,3.82,5.21,392.3,3.603
Punjab,Wheat,Kharif,901.92,13.86,21.85,8.25,71.77,5.73,93.02,57.41,29.41,23.85,5.22,757.85,5.304
Uttar Pradesh,Wheat,Kharif,1058.5,29.61,36.11,20.26,62.54,6.11,34.1,40.35,35.01,4.95,1.86,855.64,6.043
Karnataka,Maize,Rabi,445.65,29.57,33.78,24.72,43.76,5.96,94.47,24.82,24.48,16.2,4.87,775.17,3.931
Uttar Pradesh,Rice,Kharif,828.48,25.89,34.52,18.65,62.81,7.21,89.76,43.5,39.84,20.8,3.92,355.73,6.707
Haryana,Cotton,Kharif,889.29,15.35,23.29,8.27,57.02,6.61,72.17,46.66,40.89,6.2,4.78,295.12,3.535
Punjab,Soybean,Zaid,977.28,22.61,30.5,13.0,58.2,7.41,106.03,49.03,79.63,8.19,14.2,543.69,4.41
Bihar,Wheat,Zaid,899.71,19.64,27.13,10.58,62.83,7.69,54.31,30.31,37.09,22.83,2.4,774.27,5.127
Punjab,Maize,Zaid,1440.56,28.75,35.04,22.32,48.88,6.94,62.79,45.97,44.76,3.64,2.06,525.96,5.847
Karnataka,Soybean,Rabi,817.98,30.21,34.38,23.4,52.01,6.97,21.56,33.45,64.86,2.96,11.16,784.2,3.537
Karnataka,Barley,Rabi,958.96,27.3,35.97,21.68,59.63,6.29,69.54,10.13,27.58,15.98,13.18,249.03,4.324
Karnataka,Maize,Kharif,711.86,23.57,28.19,18.69,66.75,7.53,112.83,56.03,76.66,7.68,10.9,863.01,5.98
Bihar,Barley,Kharif,498.6,34.02,43.09,28.26,61.73,6.43,26.5,42.13,57.7,21.04,13.14,360.06,4.187
Punjab,Rice,Rabi,1087.04,28.14,32.44,23.2,71.04,6.48,113.41,24.42,47.58,24.92,8.72,611.5,6.159
Karnataka,Soybean,Kharif,726.2,22.31,31.1,18.06,89.36,6.99,117.19,17.29,31.01,23.34,9.64,238.05,3.578
Uttar Pradesh,Rice,Zaid,1038.0,31.45,40.73,26.0,61.45,5.64,108.24,23.26,59.28,4.23,2.99,1101.51,6.034
Bihar,Soybean,Kharif,1197.32,24.64,33.44,19.56,62.64,7.19,30.43,44.37,35.71,21.73,13.83,1049.05,4.555
Haryana,Soybean,Rabi,779.59,30.22,38.47,21.26,63.04,5.22,82.48,39.51,32.56,14.83,11.96,550.01,4.16
Maharashtra,Wheat,Zaid,1025.76,24.31,33.65,15.72,48.84,5.88,22.22,35.38,33.58,7.6,13.94,352.97,5.257
Karnataka,Soybean,Kharif,1207.0,22.52,30.32,15.18,72.06,6.03,40.46,57.45,21.37,16.05,1.38,276.99,4.599
Maharashtra,Cotton,Rabi,1260.84,21.56,31.52,15.91,59.8,5.96,96.33,27.4,58.99,11.42,9.31,1029.02,4.392
Maharashtra,Cotton,Rabi,778.43,27.78,33.35,18.71,66.51,6.47,44.0,36.73,74.56,7.86,4.33,606.56,3.287
Punjab,Soybean,Zaid,1179.46,26.82,35.42,19.88,61.56,7.84,25.61,28.47,19.03,10.18,12.52,1044.29,3.886
Punjab,Wheat,Zaid,748.39,23.11,28.41,18.64,51.29,6.35,89.27,55.57,17.22,15.88,3.66,674.14,5.934
Punjab,Maize,Rabi,669.76,26.12,35.45,19.99,49.64,6.15,58.56,45.2,66.13,12.33,6.67,777.42,5.354
Maharashtra,Rice,Kharif,862.75,27.22,33.94,19.59,89.81,6.6,43.2,18.84,59.81,11.5,6.13,404.09,5.548
Uttar Pradesh,Soybean,Rabi,1100.8,30.99,35.39,24.78,51.46,7.53,54.97,10.31,37.82,3.42,2.36,204.51,3.353
Bihar,Cotton,Zaid,523.01,18.55,28.49,8.69,46.26,7.67,92.07,58.07,65.62,15.79,9.36,1177.92,3.573
Haryana,Wheat,Kharif,823.48,26.54,32.23,21.08,58.03,6.92,60.12,37.58,34.79,23.57,9.07,1161.21,5.744
Punjab,Soybean,Kharif,903.86,22.34,26.69,14.59,58.75,6.7,75.25,22.16,16.07,21.74,7.63,981.7,4.712
Bihar,Barley,Zaid,1008.82,23.03,30.78,16.11,78.36,7.04,33.08,53.12,68.82,9.1,10.51,692.4,4.991
Maharashtra,Maize,Rabi,730.64,23.74,28.79,15.05,63.83,6.76,36.76,30.58,61.66,9.41,11.31,1058.06,5.458
Karnataka,Maize,Zaid,670.62,19.44,23.75,15.05,75.09,5.92,74.37,57.37,49.97,15.9,3.18,740.58,5.295
Bihar,Wheat,Zaid,728.79,20.33,28.05,12.5,74.8,5.67,85.4,49.95,37.44,13.11,2.19,1130.69,5.02
Punjab,Maize,Kharif,1002.09,22.55,26.59,17.45,65.04,6.16,22.62,58.2,24.83,13.01,4.1,937.47,5.208
Maharashtra,Rice,Rabi,1018.2,27.64,36.53,21.15,77.41,6.57,23.44,11.14,28.38,20.78,2.72,485.28,5.456
Karnataka,Soybean,Kharif,381.83,18.25,28.21,13.27,87.84,6.74,32.91,15.92,47.52,9.16,3.9,1158.94,2.743
Bihar,Rice,Kharif,662.43,32.39,39.97,26.77,61.36,7.43,27.63,47.66,33.34,24.47,3.16,554.45,5.812
Maharashtra,Maize,Zaid,790.99,23.0,27.0,15.8,63.84,6.75,62.03,29.59,72.98,13.64,13.6,926.74,4.569
Maharashtra,Wheat,Zaid,879.82,29.05,34.18,19.43,54.03,5.88,71.68,37.72,58.4,16.55,3.61,782.44,5.942
Bihar,Barley,Rabi,705.49,10.86,17.6,3.55,58.01,6.22,94.89,20.34,22.18,16.89,3.92,314.6,3.908
Haryana,Cotton,Kharif,409.09,25.2,31.0,15.68,75.5,5.57,108.05,16.95,64.5,0.82,6.4,447.34,3.67
Maharashtra,Wheat,Kharif,954.09,23.76,33.15,17.6,71.44,6.02,53.89,19.92,48.19,16.01,6.78,627.03,5.129
Haryana,Maize,Zaid,510.9,27.11,32.43,19.39,71.56,6.75,117.69,25.5,51.68,8.12,0.55,1197.31,4.867
Karnataka,Rice,Zaid,772.16,21.46,28.86,11.46,63.07,6.62,85.49,19.71,15.72,6.79,6.81,428.05,5.71
Karnataka,Cotton,Rabi,743.16,27.63,37.43,18.29,78.73,6.87,114.35,18.74,24.84,8.28,8.82,881.47,3.744
Maharashtra,Cotton,Zaid,1044.78,31.08,37.07,22.52,73.56,5.96,22.23,48.91,78.94,16.66,9.06,1108.07,3.86
Punjab,Rice,Zaid,868.16,26.33,33.04,19.59,55.83,7.87,58.02,15.65,71.34,17.68,1.1,315.79,5.629
Bihar,Wheat,Kharif,758.57,29.27,38.24,20.57,93.75,5.47,93.85,54.47,62.6,18.54,12.16,756.35,5.302
Punjab,Wheat,Kharif,677.65,33.46,38.48,29.32,74.29,5.5,57.89,22.04,41.22,7.88,10.27,834.47,4.621
Uttar Pradesh,Barley,Rabi,658.9,29.41,38.85,24.17,55.46,6.36,106.44,22.98,44.3,5.93,0.85,859.01,4.515
Haryana,Wheat,Rabi,720.03,32.99,42.96,24.23,81.8,6.6,30.59,13.25,74.48,3.89,6.17,809.91,4.196
Haryana,Wheat,Kharif,489.69,22.02,26.47,15.09,72.16,6.82,31.62,19.88,67.25,6.26,11.19,473.06,4.166
Haryana,Maize,Zaid,841.18,26.88,32.34,19.66,65.34,6.83,119.04,36.33,44.36,8.9,14.61,683.28,5.729
Maharashtra,Maize,Zaid,971.86,32.46,40.55,23.49,54.76,5.73,50.14,26.33,22.67,19.58,2.02,598.31,4.671
Haryana,Barley,Kharif,617.03,25.91,35.22,21.54,73.36,6.55,57.0,36.73,28.26,14.44,2.45,996.1,4.1
Haryana,Wheat,Rabi,786.64,21.32,25.78,16.07,92.14,6.13,44.55,42.54,62.37,1.76,2.34,646.12,5.621
Maharashtra,Wheat,Kharif,742.76,26.42,36.12,20.32,71.87,6.37,34.82,29.71,71.72,9.0,2.66,722.63,5.781
Haryana,Barley,Kharif,682.11,21.88,29.6,15.29,66.37,6.72,29.53,45.35,68.9,8.03,8.71,432.15,4.41
Karnataka,Soybean,Kharif,873.53,29.34,34.97,20.43,49.75,7.2,95.06,35.51,28.06,21.34,5.43,302.78,4.147
Karnataka,Barley,Rabi,650.01,24.08,29.42,18.51,77.39,7.25,30.59,40.29,53.8,19.74,1.58,402.91,4.463
Karnataka,Cotton,Kharif,1079.4,31.31,40.72,25.73,61.34,5.6,117.77,18.24,32.31,2.87,12.15,1184.23,4.261
Haryana,Wheat,Kharif,895.35,27.93,32.29,18.12,71.6,6.03,72.95,59.64,70.42,18.02,0.83,268.38,5.558
Maharashtra,Rice,Rabi,733.67,31.72,38.25,26.86,63.4,7.23,53.11,13.13,77.34,17.18,8.34,1029.11,5.86
Bihar,Wheat,Zaid,966.48,20.34,25.99,12.38,66.92,6.38,116.58,33.61,65.94,16.62,8.01,242.1,5.602
Karnataka,Barley,Rabi,1408.47,31.87,40.82,25.81,30.67,7.14,25.28,31.14,29.48,5.39,10.0,211.41,4.704
Karnataka,Barley,Rabi,931.31,30.14,37.83,21.97,60.63,7.15,119.37,10.44,61.03,15.47,8.51,985.83,6.026
Punjab,Rice,Zaid,1313.16,29.74,35.58,20.38,74.26,6.36,105.44,57.15,21.47,18.92,3.62,206.72,6.811
Karnataka,Rice,Zaid,828.7,19.52,25.96,14.63,88.16,6.63,82.33,48.05,21.36,11.72,12.06,465.79,5.53
Maharashtra,Wheat,Kharif,1084.34,30.66,40.39,23.77,40.45,5.78,81.0,37.77,75.58,10.6,11.84,504.18,5.082
Maharashtra,Cotton,Zaid,1113.72,25.87,35.43,20.62,76.43,6.06,119.55,34.51,36.51,13.66,1.43,377.21,4.427
Punjab,Cotton,Kharif,1338.84,17.48,22.49,10.4,52.63,6.56,51.55,10.2,59.74,3.21,3.68,390.32,4.104
Karnataka,Rice,Kharif,428.36,29.98,39.2,24.14,95.0,6.62,32.33,48.65,19.0,11.88,14.19,358.97,5.39
Karnataka,Maize,Zaid,667.86,25.24,33.13,20.33,60.99,6.52,81.33,14.43,49.12,6.32,10.38,947.67,4.336
Bihar,Rice,Zaid,943.8,24.89,34.32,17.19,57.13,6.73,95.8,51.67,67.51,13.01,5.88,1145.54,6.984
Karnataka,Maize,Zaid,617.98,26.35,34.63,19.03,64.97,5.71,64.23,18.43,52.48,15.71,8.09,1090.58,5.307
Punjab,Cotton,Kharif,950.06,23.09,28.25,16.57,44.11,6.66,47.44,25.63,57.61,15.73,10.1,577.28,4.046
Maharashtra,Barley,Zaid,1051.32,27.03,34.67,19.89,65.22,7.8,63.41,52.14,25.46,15.06,6.3,1185.79,5.327
Haryana,Cotton,Kharif,1173.62,31.45,36.87,26.55,64.57,6.92,106.16,23.12,56.44,6.6,9.73,248.34,3.877
Haryana,Barley,Rabi,1129.96,21.76,30.39,17.07,55.04,6.14,22.21,11.8,35.04,15.42,14.46,290.78,3.709
Maharashtra,Barley,Zaid,815.58,27.79,34.8,18.76,67.25,6.3,119.65,55.5,34.76,21.23,1.88,877.71,5.755
Karnataka,Soybean,Rabi,886.0,25.31,30.7,21.06,61.13,5.76,93.8,49.45,67.47,9.61,7.84,708.45,4.092
Punjab,Barley,Rabi,385.02,30.27,34.98,21.7,80.59,6.49,44.49,34.6,46.67,7.09,5.74,385.6,3.574
Bihar,Soybean,Kharif,1063.65,25.57,34.74,18.86,77.03,6.96,64.02,17.86,23.12,15.48,12.5,335.41,3.858
Maharashtra,Rice,Rabi,913.21,25.68,32.83,20.02,57.9,6.35,98.06,26.23,60.15,5.28,7.44,552.11,6.304
Karnataka,Maize,Kharif,416.6,24.81,32.99,19.89,69.44,6.45,108.67,33.95,26.1,18.98,6.13,544.57,4.904
Karnataka,Maize,Rabi,534.53,23.66,30.72,19.34,69.21,6.16,64.95,32.8,38.73,17.03,0.7,1073.51,4.477
Bihar,Maize,Zaid,860.79,23.06,30.43,17.07,55.21,6.52,70.7,31.49,79.73,16.85,7.95,597.94,5.509
Haryana,Rice,Zaid,682.3,31.5,39.0,24.64,63.9,6.39,105.19,26.35,60.02,22.38,11.65,542.61,5.195
Haryana,Cotton,Rabi,607.77,30.07,38.92,25.93,59.46,7.22,110.53,49.41,73.54,20.92,14.62,829.1,3.287
Maharashtra,Rice,Rabi,912.92,22.31,27.54,13.06,53.95,6.23,115.83,31.11,60.28,6.05,12.11,1019.93,6.634
Punjab,Soybean,Kharif,742.31,24.18,33.09,18.61,78.36,5.59,110.88,39.98,32.38,20.28,10.67,1177.17,4.313
Punjab,Maize,Kharif,816.56,19.68,23.69,12.34,87.25,6.56,44.45,23.74,44.55,6.58,7.26,777.35,5.228
Uttar Pradesh,Barley,Kharif,635.28,27.56,36.56,18.33,58.85,6.07,83.38,54.71,44.12,19.79,14.35,996.28,4.648
Karnataka,Barley,Rabi,1113.72,30.89,39.1,25.39,69.86,6.46,75.78,28.52,48.91,18.38,11.1,953.18,4.892
Uttar Pradesh,Rice,Rabi,638.2,18.87,26.37,10.76,53.21,6.2,104.53,25.56,50.87,20.79,10.99,1062.87,5.675
Punjab,Maize,Kharif,682.47,23.53,27.82,17.71,73.16,5.99,103.17,29.84,18.67,13.18,5.96,322.97,5.537
Punjab,Barley,Rabi,1087.11,26.15,32.44,19.53,39.19,7.25,95.65,42.29,63.35,18.12,10.51,696.41,5.155
Punjab,Soybean,Rabi,823.48,35.26,41.83,27.78,69.58,6.49,90.69,26.64,15.52,2.57,7.71,388.5,2.07
Karnataka,Maize,Zaid,896.67,25.83,34.59,20.26,73.13,6.34,29.24,22.08,73.91,24.79,13.01,520.68,4.685
Haryana,Cotton,Kharif,1271.72,31.49,38.12,24.51,39.78,6.88,26.3,52.93,16.52,17.25,4.46,676.11,3.733
Maharashtra,Maize,Kharif,684.75,27.35,36.99,21.36,45.1,6.69,49.02,53.25,77.24,21.26,8.76,922.12,6.344
Maharashtra,Maize,Rabi,848.37,28.52,35.56,23.46,61.76,6.08,76.88,51.87,38.78,22.89,9.9,1003.16,5.234
Maharashtra,Barley,Rabi,647.71,20.32,26.74,11.64,54.62,7.31,93.94,57.35,47.39,15.8,12.79,901.69,4.583
Bihar,Cotton,Rabi,834.93,21.95,30.61,12.92,63.7,7.77,75.71,21.37,46.84,13.94,12.35,660.99,3.5
Maharashtra,Cotton,Kharif,561.77,20.94,26.85,11.41,61.4,6.17,63.71,46.9,69.32,1.93,11.98,920.53,3.478
Haryana,Cotton,Zaid,959.43,19.33,28.95,11.74,68.85,6.86,107.42,46.37,72.35,3.29,11.48,1165.64,4.829
Haryana,Soybean,Zaid,912.21,24.08,28.6,18.47,56.49,6.81,107.77,43.1,62.77,0.83,6.7,517.82,5.21
Punjab,Rice,Zaid,535.47,27.03,32.99,18.38,30.0,7.02,41.85,49.78,28.11,5.33,6.96,1144.94,5.264
Karnataka,Maize,Rabi,815.46,21.87,26.27,12.95,79.97,6.93,81.0,39.2,41.68,0.61,7.02,938.88,5.887
Karnataka,Barley,Zaid,969.33,30.94,34.95,24.19,53.72,6.14,74.07,40.57,28.16,2.39,10.54,820.68,4.779
Bihar,Wheat,Kharif,836.77,28.56,38.04,19.75,63.27,5.79,60.35,45.85,59.72,4.77,9.73,628.09,5.63
Uttar Pradesh,Rice,Kharif,822.37,27.94,35.28,23.34,51.48,5.72,108.34,30.78,53.9,21.93,6.67,1083.7,6.293
Maharashtra,Soybean,Kharif,1292.86,28.28,38.03,20.34,65.11,6.36,113.11,33.58,32.36,24.7,6.64,571.5,4.947
Haryana,Soybean,Kharif,621.76,23.15,27.65,15.45,52.9,7.46,72.99,38.91,59.82,21.65,5.38,659.65,3.937
Haryana,Soybean,Kharif,758.93,32.4,37.56,27.0,93.41,5.75,23.4,13.2,23.01,11.02,12.52,541.97,2.532
Uttar Pradesh,Wheat,Rabi,961.75,27.2,33.25,20.87,66.18,6.39,117.73,53.12,15.37,18.9,8.81,294.17,6.046
Uttar Pradesh,Rice,Rabi,757.5,30.51,35.27,23.78,69.22,6.64,116.78,38.61,31.85,19.52,13.19,1117.6,6.366
Bihar,Cotton,Zaid,1069.3,22.63,27.36,17.62,51.47,6.61,81.57,55.27,46.92,14.07,6.64,907.57,4.02
Punjab,Cotton,Zaid,801.04,22.52,28.97,16.52,70.81,6.02,62.15,32.26,73.07,18.57,3.68,857.17,3.904
Maharashtra,Soybean,Kharif,852.81,28.4,37.79,19.97,73.46,6.44,51.26,41.62,39.62,17.58,5.55,201.32,4.126
Uttar Pradesh,Soybean,Zaid,768.81,17.47,26.62,9.02,68.7,6.15,112.25,38.32,41.35,23.58,3.62,642.28,3.595
Uttar Pradesh,Maize,Kharif,1074.68,21.07,29.2,12.23,65.2,6.32,97.37,17.36,60.39,9.61,10.76,413.82,5.147
Punjab,Maize,Kharif,951.87,17.36,23.38,9.14,58.29,5.61,93.05,49.7,74.24,2.47,8.79,948.78,6.086
Punjab,Cotton,Kharif,735.3,33.32,41.32,25.66,58.0,6.53,96.74,43.2,23.49,5.4,4.86,1136.04,3.96
Punjab,Rice,Zaid,805.27,28.25,34.66,19.46,71.52,6.85,24.75,33.49,66.16,17.03,12.87,473.83,5.523
Maharashtra,Maize,Zaid,715.45,22.74,27.3,14.14,34.96,6.41,109.21,23.93,56.69,24.98,4.04,672.88,5.437
Punjab,Rice,Kharif,664.42,16.39,25.74,8.66,62.39,6.44,26.71,41.39,75.06,23.93,14.54,845.83,5.398
Punjab,Barley,Rabi,775.98,32.16,39.87,26.27,70.66,5.92,100.11,58.22,55.8,23.66,13.32,417.93,4.889
Haryana,Cotton,Kharif,615.02,27.35,33.05,17.88,84.1,6.99,118.46,57.66,65.61,19.9,14.67,800.46,4.148
Bihar,Wheat,Kharif,862.82,28.01,32.53,23.88,55.65,6.09,62.32,50.64,54.9,17.01,0.96,1039.53,5.717
Haryana,Cotton,Rabi,890.03,20.59,30.58,11.89,46.59,6.36,86.56,17.22,32.5,24.62,14.7,522.97,2.496
Punjab,Rice,Kharif,1386.01,24.05,28.5,19.43,59.76,6.28,52.33,33.54,57.68,19.82,4.95,930.97,6.709
Karnataka,Maize,Kharif,708.67,23.54,33.43,14.9,60.68,6.39,85.45,19.92,33.0,13.31,11.26,921.49,5.447
Haryana,Maize,Rabi,900.17,18.87,24.25,11.68,84.46,6.01,21.16,26.36,37.25,7.57,12.35,245.07,3.774
Uttar Pradesh,Barley,Rabi,978.36,27.94,35.61,20.81,47.83,5.09,118.62,19.32,64.5,14.02,10.83,667.55,5.488
Bihar,Soybean,Kharif,580.1,23.42,31.29,15.0,62.74,5.79,108.09,42.12,61.81,16.48,10.96,345.07,3.702
Haryana,Barley,Kharif,485.06,25.33,33.24,17.74,88.28,6.98,81.16,14.09,22.25,24.84,5.32,549.73,4.072
Maharashtra,Cotton,Rabi,926.93,25.02,29.11,18.12,63.48,7.3,31.37,20.85,44.9,5.28,8.32,660.7,3.652
Punjab,Maize,Kharif,693.11,22.49,27.26,14.67,81.72,6.92,59.4,56.02,29.65,14.8,11.6,1072.28,5.245
Uttar Pradesh,Maize,Kharif,742.57,25.3,33.5,20.21,83.38,5.83,74.39,58.57,57.68,14.92,0.74,399.21,5.208
Haryana,Soybean,Zaid,1103.13,28.0,36.14,22.92,91.16,7.17,38.5,42.95,17.96,13.51,11.25,234.04,3.899
Bihar,Cotton,Zaid,514.94,36.56,41.54,28.11,70.54,7.81,114.94,34.6,63.43,5.83,2.49,941.31,3.247
Haryana,Rice,Kharif,394.37,25.55,31.64,16.83,48.32,6.42,97.31,37.24,76.0,20.54,5.69,664.92,5.663
Karnataka,Barley,Zaid,889.31,33.34,42.62,23.78,69.71,6.39,108.71,11.64,42.48,9.75,8.26,760.64,5.258
Haryana,Rice,Zaid,1033.38,26.66,31.81,20.74,66.73,6.15,65.6,24.97,69.04,2.6,11.61,448.31,5.686
Bihar,Barley,Kharif,381.38,18.94,27.83,14.26,68.47,6.99,108.87,34.92,51.27,19.22,11.8,1088.08,4.906
Maharashtra,Cotton,Rabi,879.39,17.73,22.43,8.8,40.1,7.31,87.69,24.16,19.5,15.36,11.12,717.28,3.448
Maharashtra,Soybean,Rabi,701.74,25.61,34.83,21.53,52.42,5.68,95.86,57.13,48.87,9.21,1.15,783.71,4.462
Bihar,Wheat,Rabi,1228.05,26.86,35.95,22.27,82.1,6.37,62.45,38.26,71.75,6.2,13.47,597.03,6.252
Bihar,Rice,Kharif,686.37,21.48,27.97,15.47,74.81,6.83,36.77,20.48,43.63,6.55,2.5,797.57,6.147
Uttar Pradesh,Cotton,Zaid,755.79,21.18,28.85,13.49,53.92,5.74,67.48,21.89,59.73,8.06,2.7,351.61,3.389
Uttar Pradesh,Cotton,Rabi,682.4,23.1,30.41,13.49,77.53,6.96,61.81,44.92,75.0,12.49,1.94,966.09,4.121
Uttar Pradesh,Wheat,Kharif,749.19,31.78,40.47,23.64,72.07,7.04,105.14,32.88,79.76,9.26,2.99,1045.98,6.074
Haryana,Maize,Zaid,637.23,28.79,36.4,19.8,62.42,6.79,57.35,27.4,56.83,16.48,1.99,620.18,4.928
Haryana,Wheat,Zaid,893.57,37.11,43.53,32.92,87.45,6.32,44.85,50.89,45.35,12.09,11.67,583.29,5.33
Punjab,Wheat,Kharif,653.49,30.42,37.17,23.94,70.07,5.74,103.04,14.76,73.64,1.16,8.07,258.33,4.827
Haryana,Soybean,Kharif,911.48,31.02,38.92,25.95,58.99,6.16,21.32,34.34,67.81,11.03,11.5,905.53,3.716
Bihar,Wheat,Kharif,496.66,27.92,33.85,18.66,72.99,7.11,33.34,12.76,78.49,13.65,11.08,972.97,4.465
Uttar Pradesh,Soybean,Zaid,1073.44,20.54,28.81,13.95,59.73,5.63,94.97,28.1,51.79,22.38,9.27,225.58,3.777
Uttar Pradesh,Rice,Zaid,1066.4,22.95,32.12,16.89,45.98,7.55,111.04,17.34,26.8,9.0,11.67,1074.98,6.589
Punjab,Cotton,Zaid,1030.0,29.3,35.39,24.69,68.97,5.76,69.35,18.58,35.32,23.86,6.76,641.6,3.565
Maharashtra,Rice,Kharif,811.7,22.15,31.51,15.87,87.13,6.34,54.72,52.75,73.59,19.03,10.21,1015.5,7.024
Haryana,Soybean,Rabi,467.69,27.64,35.17,18.33,54.18,5.91,41.46,52.3,15.57,21.79,1.31,591.66,3.188
Haryana,Soybean,Rabi,1089.06,27.24,34.73,17.89,68.93,6.22,85.93,59.0,70.14,21.24,8.0,764.3,5.511
Bihar,Soybean,Zaid,674.93,32.38,41.65,27.69,74.46,5.74,74.48,18.82,47.7,16.32,12.51,1012.18,3.452
Karnataka,Barley,Rabi,883.99,23.21,30.96,15.78,65.03,5.45,91.56,41.31,20.87,9.49,8.43,525.2,4.795
Haryana,Wheat,Rabi,1039.4,26.97,35.59,21.87,70.05,7.34,83.73,20.64,66.7,14.55,14.38,911.77,6.23
Punjab,Cotton,Zaid,831.91,24.86,33.33,20.72,52.0,6.74,66.06,21.9,45.18,21.32,3.5,567.17,3.044
Bihar,Rice,Rabi,711.04,23.76,28.15,14.22,49.88,6.23,47.29,38.44,24.42,20.07,7.62,766.46,5.948
Uttar Pradesh,Soybean,Kharif,1055.5,23.34,27.69,14.57,65.07,6.19,76.44,12.81,31.24,19.0,6.48,760.52,4.161
Punjab,Rice,Rabi,963.54,22.94,27.58,13.23,56.95,6.05,114.67,11.76,78.76,20.98,3.61,799.55,6.499
Bihar,Wheat,Kharif,837.04,25.32,30.03,19.82,57.47,5.08,70.74,19.77,27.62,16.44,2.07,867.84,5.338
Uttar Pradesh,Maize,Zaid,836.07,20.05,24.38,10.69,68.14,6.8,76.24,21.22,44.85,20.16,11.98,800.39,5.4
Maharashtra,Cotton,Rabi,522.47,19.41,24.47,14.99,56.26,6.14,50.28,39.66,63.85,23.48,1.86,350.38,4.077
Punjab,Wheat,Kharif,1199.77,32.96,40.96,25.08,53.94,5.95,95.01,47.6,30.55,15.72,10.29,474.43,5.434
Haryana,Barley,Rabi,849.36,25.93,31.03,18.05,73.45,6.49,74.2,25.75,35.37,18.76,2.41,971.5,4.786
Bihar,Soybean,Zaid,856.7,25.72,29.95,16.24,74.94,7.57,93.27,24.22,54.25,20.12,1.81,1158.82,4.55
Punjab,Wheat,Zaid,743.34,29.65,34.37,21.12,60.46,6.99,27.09,45.57,27.1,5.34,2.96,505.8,5.036
Maharashtra,Soybean,Kharif,877.98,23.7,27.81,17.51,82.39,6.69,30.3,25.93,63.81,2.14,10.34,820.54,3.85
Punjab,Rice,Kharif,1234.68,19.06,27.91,14.32,67.6,6.03,41.23,18.26,75.87,4.31,11.77,605.26,5.52
Punjab,Soybean,Zaid,1224.05,24.82,34.22,19.69,88.47,7.43,27.86,59.01,22.99,5.42,12.24,446.75,4.714
Karnataka,Cotton,Zaid,685.1,25.02,30.75,17.44,54.34,5.0,93.65,30.79,50.3,18.48,1.38,654.95,3.242
Uttar Pradesh,Maize,Zaid,604.56,23.23,27.69,13.67,53.13,6.29,30.1,38.87,32.27,21.15,10.4,203.91,4.09
Bihar,Wheat,Kharif,1231.24,21.74,31.13,14.3,47.49,6.03,74.64,18.27,48.62,24.0,6.65,625.35,5.221
Haryana,Wheat,Zaid,914.43,22.09,31.45,13.67,75.66,6.72,20.53,25.4,58.51,7.61,12.69,677.38,4.803
Punjab,Wheat,Zaid,832.81,28.97,36.38,23.19,70.03,6.5,25.39,57.07,36.26,18.6,5.29,1153.3,5.57
Maharashtra,Soybean,Kharif,1257.53,28.06,33.72,18.67,70.7,5.66,78.02,21.17,28.98,15.58,2.3,669.78,4.279
Bihar,Wheat,Zaid,1166.89,27.05,35.99,21.46,71.19,6.37,49.26,29.3,25.71,17.33,8.58,1094.46,4.894
Haryana,Cotton,Zaid,410.73,22.91,32.59,14.61,73.44,8.21,44.28,17.03,42.91,20.81,5.29,209.56,2.672
Karnataka,Maize,Kharif,892.55,26.8,33.16,17.51,54.74,6.67,98.95,49.56,58.12,23.27,12.15,418.9,5.534
Maharashtra,Cotton,Rabi,871.24,21.46,29.16,15.58,78.84,7.13,46.61,55.33,37.37,13.15,7.45,1123.63,4.006
Karnataka,Rice,Kharif,845.6,33.63,43.32,24.97,54.35,5.18,66.95,43.69,51.47,19.51,1.29,1019.04,5.67
Bihar,Cotton,Rabi,1052.22,25.75,30.83,20.41,67.45,6.17,109.26,36.23,49.61,8.32,12.11,310.49,4.352
Haryana,Rice,Kharif,497.79,25.93,30.53,16.97,79.54,5.0,55.2,54.82,60.99,1.96,13.48,613.9,5.841
Uttar Pradesh,Rice,Zaid,525.98,25.28,31.39,20.35,81.78,5.76,61.66,59.81,26.47,20.0,13.96,888.05,6.042
Bihar,Cotton,Kharif,1154.9,33.33,39.58,28.35,63.11,6.05,76.9,21.49,63.8,2.66,9.53,625.7,3.702
Karnataka,Wheat,Kharif,710.24,29.68,38.47,22.62,69.3,6.87,114.4,14.78,76.5,19.5,2.05,719.33,5.734
Bihar,Wheat,Rabi,1141.5,26.12,31.48,18.87,52.98,5.46,75.35,27.73,63.61,17.7,10.63,577.8,5.911
Karnataka,Barley,Zaid,722.26,24.87,34.07,19.38,76.38,7.22,26.07,55.15,54.8,23.01,8.69,1021.01,5.18
Uttar Pradesh,Soybean,Rabi,841.06,26.07,35.78,20.42,65.2,6.54,50.85,59.55,18.05,14.76,7.19,276.53,4.458
Uttar Pradesh,Maize,Rabi,721.4,30.86,38.61,26.25,70.12,6.54,99.76,36.65,15.18,13.8,7.5,843.08,4.838
Karnataka,Soybean,Kharif,489.41,27.8,33.47,22.5,55.17,6.69,75.68,31.2,30.54,13.25,3.65,764.32,3.515
Maharashtra,Maize,Rabi,883.44,27.56,35.23,19.06,51.17,7.19,40.87,25.24,72.9,10.47,4.88,941.18,5.302
Karnataka,Cotton,Rabi,689.23,27.13,34.28,22.33,66.38,6.52,112.17,46.02,30.91,11.05,6.11,235.82,3.569
Maharashtra,Maize,Rabi,855.33,28.4,33.26,21.39,70.02,7.35,36.94,40.91,64.24,21.44,5.12,233.92,5.237
Haryana,Cotton,Kharif,982.75,24.66,34.47,17.16,61.06,6.32,38.17,49.97,60.09,24.46,4.03,533.13,3.912
Punjab,Soybean,Zaid,825.53,27.05,32.06,22.06,53.45,6.32,94.68,46.63,57.23,10.53,0.91,1001.78,4.637
Bihar,Cotton,Kharif,592.34,25.49,35.33,20.98,69.5,6.07,98.77,54.22,64.12,24.42,0.74,819.51,3.427
Bihar,Barley,Rabi,973.31,24.19,33.15,16.41,81.29,7.19,117.61,25.4,15.07,24.43,6.5,630.93,4.574
Uttar Pradesh,Barley,Rabi,411.23,24.24,31.14,16.21,95.0,6.27,105.94,47.59,76.54,6.22,5.18,861.48,4.622
Bihar,Rice,Kharif,960.8,25.27,30.3,17.11,55.87,6.03,54.58,58.16,22.82,12.6,8.54,736.51,6.135
Karnataka,Barley,Rabi,989.13,22.66,30.83,15.58,62.1,6.99,69.72,36.94,45.48,7.0,4.51,263.5,5.1
Haryana,Wheat,Zaid,706.32,31.12,37.44,24.06,66.38,6.7,20.59,52.74,45.75,18.14,14.4,202.83,4.855
Maharashtra,Soybean,Kharif,1051.52,29.16,39.09,21.67,63.14,6.37,78.68,34.74,29.0,12.52,0.69,1199.48,4.851
Maharashtra,Maize,Zaid,677.21,20.32,29.65,10.67,58.11,6.6,88.68,12.25,61.6,0.62,13.75,918.17,4.479
Karnataka,Rice,Rabi,1284.08,21.03,29.99,16.9,58.07,6.04,85.52,41.2,36.14,24.34,1.85,976.72,7.415
Maharashtra,Barley,Kharif,784.55,29.59,38.22,23.68,62.54,7.02,56.76,40.78,43.22,22.01,10.92,310.5,3.906
Uttar Pradesh,Wheat,Rabi,566.96,27.24,35.65,22.46,64.54,7.27,89.53,36.64,54.13,11.01,1.71,1128.84,6.079
Haryana,Barley,Zaid,946.25,16.35,26.01,10.26,62.94,5.75,62.26,58.39,73.58,19.11,1.8,902.13,4.707
Haryana,Wheat,Rabi,934.45,21.17,29.1,16.59,88.49,6.96,59.51,55.77,30.09,23.79,1.95,864.81,5.63
Karnataka,Barley,Zaid,920.42,20.44,28.29,11.75,67.62,6.73,48.83,51.21,59.04,15.55,14.01,288.87,4.951
Bihar,Barley,Kharif,830.48,21.44,29.54,12.79,71.14,6.08,38.21,12.62,46.91,3.87,5.12,1040.43,4.116
Uttar Pradesh,Maize,Zaid,852.23,22.9,27.9,16.64,77.17,7.38,83.37,23.38,56.78,23.82,1.36,1015.99,4.798
Punjab,Barley,Kharif,844.22,21.3,25.83,13.6,55.92,5.45,102.26,44.26,39.74,4.58,9.72,696.97,4.309
Bihar,Barley,Zaid,711.89,25.87,35.28,18.4,78.07,6.67,60.46,42.25,31.31,17.69,3.89,409.13,4.472
Maharashtra,Soybean,Kharif,865.97,21.62,26.69,14.22,51.55,6.86,108.82,45.96,57.32,7.4,2.31,952.95,5.491
Karnataka,Rice,Rabi,1132.59,34.27,43.08,26.92,82.12,6.31,81.6,24.88,60.21,17.67,7.1,736.4,6.129
Punjab,Maize,Rabi,595.7,20.1,24.3,14.85,70.28,6.81,46.22,17.7,62.03,14.68,1.43,660.13,4.353
Bihar,Barley,Zaid,729.95,18.67,25.56,11.2,52.45,7.3,94.88,32.37,57.95,9.46,3.79,283.62,5.342
Uttar Pradesh,Barley,Zaid,1144.4,28.37,36.66,22.26,72.86,5.92,42.75,36.32,28.66,0.58,10.51,907.26,5.183
Haryana,Soybean,Zaid,1180.44,35.41,43.28,25.63,48.4,6.22,119.93,41.29,47.31,22.98,12.55,310.11,4.591
Karnataka,Wheat,Kharif,988.21,30.15,37.26,25.69,54.52,5.68,39.04,23.54,66.88,16.03,7.24,531.6,5.141
Uttar Pradesh,Barley,Rabi,1048.48,22.42,32.31,14.16,68.27,6.97,109.57,47.0,64.85,10.88,7.86,391.55,5.076
Uttar Pradesh,Maize,Rabi,1014.09,28.08,37.06,22.39,55.51,6.73,62.92,32.72,35.82,16.89,7.54,274.11,5.451
Punjab,Maize,Kharif,1107.37,21.44,29.65,13.27,88.9,6.57,73.55,25.63,15.38,16.35,4.7,450.1,4.685
Bihar,Wheat,Kharif,702.63,29.36,35.72,24.88,62.39,7.22,89.4,33.69,34.99,9.47,9.36,454.45,5.25
Uttar Pradesh,Wheat,Kharif,1130.52,27.57,36.61,20.38,71.27,5.95,22.34,30.6,28.27,24.92,13.98,1002.19,5.16
Maharashtra,Soybean,Zaid,793.48,21.42,30.18,12.12,59.79,6.39,65.48,11.35,71.16,8.78,3.39,609.2,4.392
Bihar,Wheat,Kharif,1280.41,28.8,38.46,21.49,74.91,6.11,119.52,45.96,29.16,2.74,3.39,447.74,6.677
Karnataka,Soybean,Kharif,851.61,37.17,43.9,28.2,65.84,6.41,110.81,57.99,26.76,6.52,9.55,340.89,3.66
Punjab,Wheat,Rabi,167.32,21.75,27.3,12.14,69.65,7.34,60.73,13.4,74.49,18.7,10.45,882.7,4.315
Karnataka,Wheat,Zaid,524.04,20.56,24.84,16.39,67.63,7.12,99.81,57.42,26.4,7.25,1.28,1189.05,5.841
Maharashtra,Barley,Rabi,623.56,31.11,36.63,26.0,54.26,5.93,75.75,25.41,62.38,14.41,8.22,1151.29,3.97
Maharashtra,Soybean,Rabi,450.96,26.09,31.34,22.08,80.23,6.78,86.54,31.87,56.55,14.5,3.96,718.77,3.953
Uttar Pradesh,Wheat,Kharif,688.45,29.54,39.44,20.17,82.75,6.8,33.8,52.67,26.92,10.93,14.77,297.05,4.241
Punjab,Maize,Rabi,1052.04,29.28,38.57,20.07,63.93,6.61,53.69,36.74,19.67,10.03,12.31,373.19,4.399
Maharashtra,Wheat,Zaid,1119.63,28.33,33.17,20.61,45.4,7.24,100.67,14.0,72.73,24.0,1.13,1150.33,6.077
Bihar,Maize,Rabi,991.29,34.75,44.62,24.8,67.44,6.85,47.3,16.28,24.67,23.44,10.41,250.46,3.723
Uttar Pradesh,Rice,Rabi,768.49,21.2,29.56,13.14,51.44,6.39,24.32,35.03,37.12,7.48,4.41,848.95,5.391
Uttar Pradesh,Soybean,Rabi,740.96,33.4,39.84,28.26,79.72,7.27,61.36,53.75,64.37,13.24,7.29,1159.9,4.168
Uttar Pradesh,Wheat,Zaid,824.26,29.32,39.11,24.83,35.29,6.42,61.32,26.82,67.27,16.53,3.41,809.91,5.378
Punjab,Wheat,Rabi,811.91,25.12,29.7,19.57,87.26,6.24,97.91,47.29,36.47,3.24,13.43,700.85,4.759
Karnataka,Cotton,Kharif,1090.08,30.48,34.54,22.75,60.39,6.07,102.48,59.94,39.07,0.99,7.65,476.28,4.23
Karnataka,Cotton,Zaid,871.75,20.5,27.63,10.96,86.17,5.86,108.56,33.09,35.66,1.41,6.57,700.6,4.01
Haryana,Maize,Kharif,1044.51,24.47,33.82,16.57,67.72,6.89,36.51,25.05,18.29,9.07,14.98,529.31,5.353
Punjab,Wheat,Kharif,669.41,31.93,38.17,24.02,82.45,6.93,110.49,34.09,78.81,2.26,4.51,616.71,4.936
Karnataka,Maize,Zaid,563.38,28.04,33.7,19.14,58.06,5.56,49.94,25.2,40.25,19.21,7.41,353.83,4.184
Maharashtra,Barley,Rabi,914.14,23.22,30.09,15.13,56.07,6.54,118.67,46.02,54.56,12.29,10.82,326.77,5.398
Punjab,Barley,Rabi,847.85,24.61,33.14,19.24,75.66,6.16,36.86,45.44,44.92,23.01,7.52,578.87,4.401
Haryana,Soybean,Zaid,1034.31,20.76,28.62,14.05,84.36,6.49,48.15,48.33,62.38,5.53,7.4,296.99,3.616
Uttar Pradesh,Rice,Kharif,907.15,26.7,32.73,21.17,71.17,6.34,25.93,25.71,64.42,17.51,14.81,559.53,5.642
Bihar,Soybean,Rabi,452.35,19.28,26.35,10.58,81.95,7.29,94.14,28.23,67.71,20.69,8.71,418.15,3.399
Bihar,Soybean,Rabi,437.98,32.48,39.5,26.23,40.55,6.27,74.91,43.31,22.12,6.76,10.96,993.59,3.01
Maharashtra,Maize,Kharif,959.48,25.42,33.79,18.74,74.8,6.69,41.32,37.44,22.5,7.33,2.91,520.05,4.974
Punjab,Barley,Rabi,452.99,32.23,39.46,25.33,58.08,7.03,36.2,50.71,19.0,12.31,7.92,397.59,3.207
Punjab,Soybean,Kharif,709.0,27.42,36.27,18.02,74.0,6.34,60.96,54.08,40.99,3.15,14.78,699.68,3.379
Bihar,Wheat,Rabi,791.7,18.82,24.66,11.92,75.71,7.23,42.94,41.11,64.39,24.25,12.72,286.13,5.413
Uttar Pradesh,Wheat,Rabi,900.52,25.72,31.86,21.32,62.77,5.78,87.85,17.94,48.43,22.59,1.29,837.89,5.268
Uttar Pradesh,Rice,Rabi,928.03,28.56,34.49,24.25,73.02,5.47,24.0,48.98,71.28,0.83,12.25,1181.21,5.843
Punjab,Rice,Zaid,703.3,26.37,35.68,18.12,58.69,6.74,71.25,28.65,36.42,4.86,12.76,905.01,5.435
Haryana,Barley,Zaid,840.23,33.96,41.71,29.31,75.19,6.23,22.58,52.77,38.89,8.9,2.22,860.42,4.047
Maharashtra,Rice,Zaid,836.01,19.59,28.27,11.41,49.41,6.18,86.36,10.34,60.41,6.92,8.36,311.33,5.517
Punjab,Cotton,Zaid,771.27,24.62,29.41,17.26,69.85,7.15,100.87,17.34,42.09,11.06,5.75,695.59,3.6
Maharashtra,Wheat,Rabi,589.93,30.87,39.88,21.08,69.17,6.63,101.34,34.54,20.7,19.76,6.41,408.07,4.985
Maharashtra,Maize,Kharif,674.27,31.74,37.21,24.67,68.13,7.22,93.94,42.41,47.09,13.44,14.34,1110.9,5.395
Bihar,Rice,Rabi,768.07,17.79,24.11,8.47,64.71,6.29,80.99,27.8,55.46,10.54,12.04,1154.31,6.014
Karnataka,Cotton,Rabi,621.25,24.13,32.91,16.63,59.27,5.0,62.67,18.83,27.7,19.74,14.07,578.25,3.16
Bihar,Barley,Kharif,423.42,23.87,29.89,17.07,69.92,7.11,36.42,34.56,44.94,13.87,2.1,353.53,3.9
Haryana,Cotton,Zaid,843.11,36.13,41.46,28.19,66.32,6.68,100.88,31.59,74.48,5.24,13.21,1015.91,4.36
Haryana,Cotton,Rabi,1554.05,27.04,36.7,18.83,83.62,5.72,101.71,46.28,57.0,22.23,9.39,275.29,4.201
Punjab,Cotton,Zaid,977.99,27.3,34.63,22.11,61.75,7.17,87.54,40.22,47.45,6.69,8.12,661.7,4.796
Maharashtra,Soybean,Zaid,1039.85,29.48,39.03,19.53,64.71,6.64,62.51,17.43,79.88,23.36,14.75,343.9,4.18
Bihar,Soybean,Kharif,772.91,29.66,36.76,25.43,81.15,6.94,20.28,18.0,48.67,14.24,5.48,227.93,3.36
Maharashtra,Rice,Kharif,1002.81,28.9,36.45,20.73,52.52,5.42,63.61,31.5,46.91,11.58,6.87,410.37,5.491
Punjab,Cotton,Zaid,995.91,34.4,42.35,28.23,53.99,6.09,104.59,38.39,74.75,16.42,13.19,360.05,3.622
Karnataka,Maize,Rabi,751.55,26.24,33.56,17.97,68.41,6.39,85.14,23.74,59.78,3.71,12.45,1066.23,5.914
Karnataka,Rice,Zaid,940.6,22.24,31.47,16.41,60.27,6.15,85.67,50.71,25.68,6.74,2.01,360.18,6.152
Karnataka,Wheat,Zaid,1025.35,25.99,34.76,19.63,44.09,6.37,22.39,50.78,67.28,22.26,1.8,307.76,6.107
Maharashtra,Cotton,Zaid,809.7,20.17,24.52,12.31,53.15,6.84,66.45,58.04,59.75,1.9,10.22,259.7,4.103
Punjab,Wheat,Rabi,1047.23,39.17,44.88,31.97,67.13,5.95,109.57,14.33,66.11,4.32,5.28,557.37,4.948
Punjab,Rice,Rabi,882.64,27.2,37.18,17.59,77.6,6.6,21.07,36.58,70.94,7.06,3.38,638.95,5.879
Karnataka,Barley,Rabi,636.23,35.32,41.96,26.71,64.34,6.02,46.76,16.96,15.09,3.27,2.89,889.94,3.314
Uttar Pradesh,Soybean,Rabi,1327.34,35.71,45.49,30.1,64.16,6.74,109.56,15.12,37.11,13.49,9.4,795.73,4.243
Uttar Pradesh,Rice,Rabi,565.33,19.16,26.7,13.82,47.4,5.92,104.57,55.58,39.84,6.08,3.15,1073.76,5.951
Bihar,Barley,Zaid,930.17,26.08,30.94,21.1,87.29,6.81,37.33,55.78,59.45,8.15,13.34,798.63,4.032
Uttar Pradesh,Maize,Rabi,799.82,24.98,33.54,15.16,67.66,6.21,118.05,17.47,17.67,18.85,13.64,1149.78,5.506
Haryana,Maize,Kharif,942.24,20.86,28.36,13.94,55.84,6.88,76.73,46.15,41.92,8.3,10.15,884.22,5.604
Haryana,Barley,Kharif,843.85,20.28,27.68,12.71,64.71,6.66,115.67,35.4,27.44,20.04,7.32,838.41,4.837
Punjab,Barley,Kharif,794.98,30.5,38.24,21.51,69.04,6.35,68.5,43.27,38.28,15.71,1.02,245.59,4.343
Uttar Pradesh,Soybean,Kharif,951.66,24.75,32.25,15.72,71.15,6.03,74.18,27.5,63.98,24.12,2.63,345.22,3.496
Maharashtra,Wheat,Rabi,738.49,25.74,29.98,17.55,56.53,5.63,106.43,29.26,16.09,13.0,4.54,893.4,5.185
Haryana,Cotton,Rabi,934.8,21.23,27.65,14.53,85.75,6.65,100.86,38.36,72.25,7.66,4.79,525.82,4.391
Haryana,Rice,Rabi,572.04,34.23,38.35,28.56,60.88,6.66,26.86,49.52,68.66,5.72,12.08,561.43,5.139
Haryana,Cotton,Zaid,850.38,34.84,40.56,27.75,70.95,7.02,111.98,45.94,21.29,21.79,11.28,513.13,3.684
Bihar,Barley,Rabi,1116.28,22.53,30.43,13.37,91.72,5.63,70.36,53.68,15.21,11.21,8.97,726.49,5.414
Karnataka,Cotton,Kharif,792.38,28.48,34.99,24.22,68.2,6.9,54.78,23.5,53.28,24.69,4.71,1148.27,4.174
Uttar Pradesh,Soybean,Zaid,872.07,28.15,37.77,23.17,48.97,7.39,46.69,56.05,57.81,5.14,9.09,380.39,2.858
Punjab,Wheat,Rabi,986.91,30.75,39.74,24.52,79.84,7.55,107.36,14.06,55.87,9.5,14.94,708.82,5.779
Bihar,Wheat,Kharif,1062.06,13.78,22.55,5.97,70.55,7.14,91.77,45.01,22.59,6.14,11.12,349.71,4.896
Karnataka,Maize,Zaid,845.17,17.9,24.06,10.26,69.25,5.33,51.42,51.93,19.92,14.0,8.46,526.51,4.769
Punjab,Maize,Rabi,867.7,26.69,33.78,21.11,85.38,6.2,106.78,38.48,30.91,10.14,13.65,1086.84,4.883
Karnataka,Rice,Rabi,654.47,19.23,28.6,14.74,70.0,5.97,70.72,57.35,28.02,12.87,5.12,1022.43,6.403
Maharashtra,Wheat,Kharif,801.11,24.28,29.73,18.71,36.76,6.44,60.27,37.28,76.15,19.96,3.19,1083.08,5.317
Uttar Pradesh,Cotton,Zaid,1090.07,19.02,26.13,13.16,63.95,5.79,80.57,15.62,57.6,20.58,5.11,281.99,3.533
Maharashtra,Cotton,Kharif,1165.16,26.42,35.62,16.45,45.72,7.09,66.65,34.67,36.16,8.89,10.31,820.8,3.465
Haryana,Rice,Kharif,1198.67,29.35,33.37,23.65,70.58,6.38,67.03,31.87,57.4,3.56,9.51,1146.92,6.95
Maharashtra,Cotton,Zaid,947.66,29.7,39.29,19.84,64.68,6.17,37.4,38.07,59.08,9.3,8.17,827.54,3.404
Punjab,Cotton,Zaid,832.49,31.27,37.85,24.88,68.5,6.22,46.46,29.67,48.82,11.71,13.25,1111.33,2.83
Bihar,Rice,Rabi,722.14,20.79,29.02,15.6,76.73,6.77,70.7,54.52,61.84,5.71,6.08,1167.83,6.401
Bihar,Rice,Zaid,478.69,23.93,31.21,14.87,64.66,7.01,32.72,28.8,35.97,5.88,12.68,226.88,4.937
Bihar,Barley,Kharif,845.42,26.04,30.94,18.63,65.03,7.68,78.33,10.06,32.97,16.57,7.1,345.64,4.245
Karnataka,Maize,Kharif,938.44,26.47,34.16,16.48,83.83,6.75,82.26,53.98,76.49,1.51,3.47,315.76,5.901
Punjab,Cotton,Kharif,949.44,24.83,32.44,19.17,83.5,6.78,94.89,34.83,42.38,18.39,13.92,993.92,4.802
Bihar,Wheat,Rabi,1127.11,22.78,31.6,17.88,68.9,5.65,88.58,40.1,78.46,13.86,5.54,764.97,6.081
Karnataka,Barley,Kharif,902.56,25.85,34.92,17.04,89.25,7.26,96.35,34.55,30.94,7.56,9.38,446.3,4.225
Bihar,Cotton,Zaid,1140.91,30.77,34.81,25.31,63.62,6.75,31.28,49.06,18.06,13.82,8.66,835.96,4.051
Punjab,Soybean,Zaid,878.06,27.87,34.76,23.75,84.36,6.72,38.25,18.45,26.65,8.61,4.57,1036.42,2.825
Maharashtra,Maize,Rabi,845.25,29.47,34.91,21.74,76.55,5.97,61.03,27.34,33.76,14.42,5.56,528.09,4.636
Bihar,Wheat,Zaid,668.42,25.18,34.71,16.77,49.37,6.38,29.71,50.43,31.26,23.93,3.85,825.36,4.985
Karnataka,Cotton,Kharif,887.88,28.66,38.44,22.89,64.72,8.0,67.08,42.77,63.33,15.67,8.62,806.63,3.987
Punjab,Maize,Zaid,773.5,14.22,23.78,10.06,67.85,6.49,76.17,47.48,62.8,18.26,11.79,272.61,4.888
Haryana,Maize,Kharif,755.99,35.37,40.83,28.64,55.56,5.64,76.8,27.06,57.01,16.39,3.99,985.81,5.189
Uttar Pradesh,Barley,Zaid,682.23,32.21,38.29,24.55,63.69,6.27,20.82,28.72,68.72,11.84,7.74,821.58,4.318
Uttar Pradesh,Soybean,Zaid,749.6,25.95,32.48,19.76,77.03,6.45,38.59,22.05,24.51,19.14,10.86,389.05,3.115
Uttar Pradesh,Maize,Kharif,560.35,27.58,33.4,21.49,56.55,6.15,74.21,18.02,40.25,3.8,5.76,600.2,4.719
Uttar Pradesh,Soybean,Kharif,910.24,26.1,33.95,21.54,59.07,6.51,81.66,40.66,39.15,6.61,7.74,333.72,4.352
Maharashtra,Barley,Zaid,558.57,30.64,39.41,23.11,62.74,7.04,21.08,40.84,41.63,5.24,14.7,603.81,3.804
Karnataka,Maize,Kharif,1086.37,23.56,30.95,18.67,79.4,6.98,31.04,37.85,74.19,8.86,1.24,1145.21,5.644
Maharashtra,Barley,Zaid,754.76,17.0,22.07,12.32,47.75,6.57,104.2,16.34,60.54,10.61,1.01,735.97,4.736
Haryana,Maize,Rabi,725.25,27.88,33.35,18.24,74.59,5.26,39.27,50.75,59.04,24.29,10.79,612.63,4.602
Bihar,Maize,Kharif,745.32,23.96,32.91,18.88,69.82,7.52,39.59,17.22,77.36,21.85,11.36,1149.12,4.891
Uttar Pradesh,Wheat,Zaid,993.23,26.7,32.69,20.1,68.67,6.76,92.08,14.41,70.09,5.45,11.16,791.88,5.628
Haryana,Wheat,Kharif,1100.41,34.26,39.47,29.45,48.49,5.28,42.32,27.02,45.07,13.09,10.14,788.52,5.305
Bihar,Maize,Rabi,1434.65,18.83,27.93,11.31,63.11,6.59,112.86,31.08,42.75,22.38,9.27,649.15,6.088
Haryana,Rice,Rabi,672.35,28.18,32.21,24.06,79.11,7.11,68.9,55.89,37.86,19.98,10.97,677.1,5.823
Maharashtra,Barley,Zaid,786.1,20.77,27.19,13.5,85.69,6.96,92.12,57.67,45.89,24.43,7.91,821.42,4.827
Maharashtra,Rice,Zaid,642.47,18.95,25.13,10.74,62.81,6.73,50.38,23.59,60.08,5.77,14.44,1190.68,6.242
Maharashtra,Maize,Rabi,911.19,28.19,37.79,18.25,95.0,7.18,74.11,18.98,62.03,4.58,13.34,653.97,4.917
Bihar,Wheat,Rabi,1009.8,27.72,34.13,20.94,45.83,6.02,45.29,30.47,65.58,9.43,13.36,443.07,5.03
Punjab,Maize,Rabi,972.33,28.37,33.19,22.39,59.71,6.13,47.45,37.52,74.02,10.88,9.95,428.9,5.273
Haryana,Cotton,Kharif,982.74,22.62,27.03,16.7,73.97,6.55,46.62,58.72,47.0,5.92,6.17,383.43,3.741
Uttar Pradesh,Rice,Kharif,637.21,31.82,36.66,23.71,61.48,6.03,56.62,12.04,64.51,14.7,12.5,626.14,4.405
Haryana,Barley,Rabi,975.26,19.63,28.32,10.46,65.2,7.47,62.88,51.69,52.67,15.72,3.92,646.16,4.537
Bihar,Cotton,Rabi,808.84,31.22,38.49,21.84,35.13,5.93,70.04,30.03,59.49,4.14,8.03,338.77,3.325
Uttar Pradesh,Rice,Zaid,774.5,32.8,39.75,24.47,78.36,6.29,98.55,36.61,63.74,9.42,13.84,277.35,5.276
Uttar Pradesh,Barley,Rabi,810.99,33.27,38.63,24.77,67.65,7.33,84.07,14.17,61.22,22.05,12.34,208.86,4.138
Bihar,Maize,Zaid,1249.25,28.95,34.12,20.84,63.2,6.38,110.57,26.96,54.25,2.99,1.87,271.47,5.663
Karnataka,Maize,Kharif,753.41,24.48,31.7,20.46,63.78,5.83,100.33,45.05,70.23,9.72,2.54,601.06,5.418
Haryana,Maize,Kharif,507.54,22.49,32.19,17.59,60.85,6.28,69.22,34.93,77.94,5.02,11.71,205.67,4.683
Maharashtra,Soybean,Rabi,1024.46,25.85,34.25,20.33,44.56,6.88,61.75,35.09,40.61,15.04,5.57,439.94,3.961
Bihar,Soybean,Zaid,497.33,20.77,27.26,14.44,71.45,6.49,61.27,30.35,20.41,24.19,3.81,694.27,3.013
Karnataka,Maize,Rabi,810.0,28.5,33.27,24.43,93.96,6.18,102.85,27.07,49.84,6.38,13.27,1165.21,5.254
Punjab,Maize,Zaid,1016.38,30.92,36.3,22.9,52.29,6.71,80.89,35.34,75.37,10.17,13.57,631.05,5.297
Haryana,Barley,Zaid,926.45,28.79,37.64,21.06,64.49,6.49,112.03,54.36,54.1,24.43,13.18,304.26,4.644
Karnataka,Cotton,Rabi,786.28,26.4,34.29,20.44,61.35,6.79,88.58,53.16,15.15,5.6,10.26,483.64,3.807
Haryana,Rice,Kharif,1191.34,18.54,24.43,13.72,52.78,7.67,56.04,53.27,64.57,22.83,6.65,301.3,6.801
Uttar Pradesh,Cotton,Kharif,1350.96,30.68,35.04,26.28,79.92,6.02,59.96,42.53,50.23,22.3,12.57,399.35,3.796
Punjab,Rice,Zaid,1128.79,29.15,36.5,21.16,67.82,7.16,42.93,55.57,42.64,0.51,8.38,828.29,5.57
Karnataka,Barley,Rabi,1069.9,22.17,29.57,16.54,62.7,7.04,29.75,36.75,55.62,13.02,13.97,462.82,4.017
Karnataka,Cotton,Kharif,994.62,30.48,37.11,21.29,76.62,5.55,20.74,53.29,40.77,18.43,11.04,377.52,3.164
Bihar,Wheat,Zaid,891.15,31.55,41.3,25.39,66.26,5.35,100.9,31.96,46.61,5.95,14.83,1092.35,6.128
Karnataka,Soybean,Zaid,964.22,24.57,29.92,15.26,69.56,5.63,95.43,41.52,37.36,10.25,6.42,326.33,3.753
Karnataka,Soybean,Kharif,747.03,26.97,33.27,19.06,59.59,6.54,40.81,42.58,22.3,11.47,9.14,1033.68,4.288
Maharashtra,Maize,Zaid,1118.03,33.0,37.33,27.33,65.9,7.61,90.26,44.6,35.68,12.96,3.64,702.98,5.476
Haryana,Soybean,Rabi,824.42,27.83,35.05,20.46,63.87,6.95,55.66,58.3,26.39,7.93,14.86,681.11,3.67
Bihar,Maize,Rabi,939.52,31.25,39.99,25.57,57.45,5.89,104.92,53.33,61.68,3.99,1.25,540.77,6.342
Haryana,Maize,Zaid,722.74,34.04,43.88,27.64,57.92,7.18,118.87,48.68,33.43,0.87,14.54,916.07,4.841
Haryana,Wheat,Zaid,846.54,30.79,40.28,24.52,68.32,6.87,64.66,51.75,70.09,10.41,4.87,706.6,5.847
Karnataka,Soybean,Kharif,786.35,33.64,40.98,26.41,73.31,6.08,30.05,21.22,40.49,7.76,6.42,240.72,2.685
Bihar,Barley,Zaid,1066.38,29.24,35.1,24.64,63.11,5.84,103.54,56.0,19.0,1.26,2.8,966.29,5.257
Haryana,Wheat,Rabi,863.48,28.61,34.9,23.2,52.95,6.1,34.21,54.9,45.08,19.98,1.25,560.58,5.309
Uttar Pradesh,Rice,Zaid,555.62,28.08,36.57,20.24,39.09,6.67,84.13,27.48,16.83,11.32,1.16,668.87,4.928
Haryana,Wheat,Rabi,815.79,23.42,30.78,13.86,70.55,6.62,38.34,37.22,28.35,21.79,4.91,690.93,5.039
Haryana,Barley,Kharif,965.54,26.66,34.29,19.9,53.42,7.17,57.7,31.86,25.64,17.15,1.62,1190.51,5.05
Maharashtra,Soybean,Rabi,1183.68,24.55,30.48,16.24,76.83,6.59,30.12,26.57,76.18,9.81,11.77,661.7,3.663
Bihar,Maize,Zaid,964.72,13.06,19.17,3.62,81.27,7.63,113.64,23.4,37.14,20.4,3.34,931.95,5.204
Haryana,Wheat,Kharif,851.8,32.9,41.34,25.25,60.68,6.33,44.62,23.85,36.01,15.17,3.51,242.57,5.02
Punjab,Maize,Kharif,615.72,26.49,35.79,18.89,80.5,6.26,55.42,42.76,41.39,14.13,4.53,532.65,4.395
Uttar Pradesh,Barley,Zaid,1189.91,16.16,21.72,9.31,79.57,6.9,100.84,34.35,38.85,18.75,3.28,799.47,5.134
Uttar Pradesh,Soybean,Kharif,1241.18,28.17,36.82,20.76,55.02,7.05,20.41,11.01,30.63,3.36,2.23,802.74,3.439
Punjab,Cotton,Zaid,708.78,24.8,31.06,14.86,72.01,6.73,54.77,43.54,29.6,24.13,6.67,221.09,3.248
Uttar Pradesh,Maize,Zaid,648.26,27.83,32.67,23.35,70.85,5.86,80.16,23.58,76.82,8.03,12.16,1031.98,5.647
Haryana,Maize,Rabi,1004.05,30.93,37.04,21.91,84.94,5.85,110.34,32.05,63.42,10.9,1.98,253.09,6.089
Bihar,Cotton,Zaid,742.56,35.53,43.27,26.71,67.74,6.68,70.0,23.32,59.62,19.93,1.99,1117.34,3.274
Uttar Pradesh,Maize,Kharif,818.59,24.14,28.73,14.52,78.93,6.62,70.96,41.74,52.7,13.82,9.04,1058.63,5.004
Bihar,Rice,Kharif,1154.63,27.1,37.09,21.82,56.79,6.05,102.72,13.04,46.86,2.18,6.72,543.96,6.262
Bihar,Barley,Rabi,885.91,17.45,26.88,7.87,83.96,6.1,102.89,36.01,32.66,9.95,4.87,666.2,4.955
Bihar,Wheat,Rabi,1225.76,19.01,25.51,12.36,66.84,7.13,71.11,41.62,30.55,23.41,8.73,919.6,4.86
Karnataka,Rice,Rabi,612.82,21.85,29.95,13.08,87.71,5.66,41.9,38.14,24.83,7.59,13.48,211.56,4.928
Punjab,Cotton,Kharif,1205.17,24.99,34.44,17.66,82.64,6.91,91.27,15.88,58.27,16.78,11.4,516.31,4.077
Bihar,Soybean,Zaid,1019.86,26.39,36.31,21.01,63.98,6.58,91.31,58.34,57.53,8.17,6.27,289.71,4.928
Haryana,Soybean,Kharif,805.7,26.73,32.49,18.93,69.34,7.08,110.91,14.23,71.44,8.55,1.48,506.11,4.44
Karnataka,Cotton,Zaid,1178.9,17.58,25.83,9.12,71.82,6.86,84.14,16.27,67.67,8.43,10.72,875.13,4.374
Uttar Pradesh,Cotton,Kharif,1033.1,35.29,43.05,29.93,53.99,6.48,61.09,46.62,35.11,0.65,9.25,800.92,3.623
Haryana,Soybean,Zaid,1011.4,21.79,30.36,14.12,59.0,7.01,77.5,35.54,57.16,2.61,13.7,535.08,4.783
Haryana,Maize,Zaid,1239.04,26.68,32.46,22.31,69.66,5.84,20.5,26.35,35.18,11.04,3.88,262.74,5.129
Haryana,Rice,Kharif,613.68,28.74,34.93,19.21,63.61,6.3,86.48,34.54,18.07,19.8,10.87,1177.3,5.183
Haryana,Barley,Rabi,774.76,24.84,32.16,18.89,63.93,5.59,72.54,50.59,27.16,20.48,0.72,787.31,4.779
Haryana,Soybean,Kharif,779.43,19.17,24.27,10.34,49.45,6.9,91.14,11.67,72.27,19.84,12.04,1009.19,4.287
Maharashtra,Soybean,Zaid,738.82,29.45,35.21,21.8,68.05,5.45,109.32,17.1,27.28,16.86,11.85,1032.21,3.403
Bihar,Rice,Zaid,510.38,23.62,28.03,17.47,60.92,6.14,29.91,36.93,58.26,9.36,7.76,492.57,5.063
Punjab,Rice,Rabi,1037.42,24.36,30.04,16.51,82.49,6.57,82.66,17.84,68.07,16.2,14.09,869.58,6.39
Karnataka,Cotton,Kharif,928.84,17.46,21.96,9.14,65.39,5.96,47.99,26.34,58.41,12.05,7.56,1006.6,3.581
Karnataka,Rice,Zaid,749.19,22.19,30.37,12.52,68.9,7.26,62.88,37.34,29.82,22.32,12.08,693.66,5.926
Punjab,Maize,Kharif,699.09,32.63,41.98,25.63,73.12,7.03,35.99,56.93,66.57,20.71,12.69,295.63,4.163
Bihar,Cotton,Zaid,828.41,23.14,32.5,13.61,53.52,6.48,42.1,44.56,35.91,2.0,11.56,228.59,3.717
Bihar,Rice,Kharif,735.75,22.79,29.24,16.71,44.59,5.78,53.7,52.33,74.79,1.04,1.92,843.23,6.59
Maharashtra,Maize,Kharif,505.73,24.36,28.47,15.93,72.86,7.03,72.71,20.57,72.44,17.21,13.12,675.45,4.998
Haryana,Rice,Kharif,636.45,23.12,29.64,18.25,60.72,6.38,51.91,39.04,77.12,4.86,1.3,496.31,6.181
Karnataka,Maize,Zaid,628.25,30.37,37.32,20.85,65.47,7.15,47.83,59.85,26.72,9.16,14.06,570.54,4.97
Punjab,Wheat,Rabi,923.33,28.89,35.42,21.64,69.57,6.58,104.11,38.86,64.17,19.05,13.6,293.38,5.73
Bihar,Cotton,Zaid,680.83,19.28,28.08,13.63,66.01,7.61,72.39,19.71,50.73,14.91,6.34,879.62,3.194
Bihar,Soybean,Zaid,711.81,20.99,28.15,15.82,46.6,5.83,71.76,12.65,49.35,17.31,6.58,616.9,3.069
Maharashtra,Wheat,Kharif,1045.62,27.76,37.49,23.16,59.2,7.39,84.17,45.14,66.09,12.65,8.57,1160.57,5.496
Uttar Pradesh,Maize,Rabi,1305.13,24.71,34.27,15.58,67.5,6.48,33.97,44.16,21.97,3.28,6.3,205.38,4.722
Haryana,Soybean,Rabi,986.26,29.78,34.2,22.87,90.46,6.45,78.7,27.49,61.47,14.69,2.82,886.27,4.439
Punjab,Wheat,Rabi,1005.58,26.92,31.61,17.51,61.52,7.35,109.9,59.48,52.96,17.75,4.15,490.05,6.7
Maharashtra,Wheat,Rabi,667.93,30.83,35.85,23.66,77.72,5.95,118.62,49.71,64.44,3.81,5.79,880.59,5.827
Maharashtra,Soybean,Zaid,942.31,19.51,28.94,14.34,78.68,6.93,113.13,40.19,63.8,9.48,13.16,781.94,4.218
Punjab,Soybean,Zaid,1048.17,17.62,26.82,12.06,34.62,6.6,32.0,25.8,52.28,10.09,12.52,882.21,4.074
Karnataka,Soybean,Kharif,716.8,26.71,33.08,17.16,60.67,6.64,98.2,31.26,15.71,17.33,5.47,351.81,3.546
Karnataka,Wheat,Zaid,497.05,23.01,31.57,15.73,66.79,7.04,64.64,17.24,20.43,3.17,9.3,393.55,4.47
Bihar,Rice,Rabi,982.47,27.28,34.75,23.14,65.0,6.94,67.54,13.57,37.32,12.91,2.46,746.34,6.167
Uttar Pradesh,Rice,Rabi,745.19,25.45,32.3,18.71,68.27,6.98,21.14,59.12,76.28,7.39,8.6,970.49,6.028
Karnataka,Soybean,Zaid,886.29,23.01,27.57,14.99,84.51,6.37,38.93,34.68,55.17,7.86,3.13,422.68,4.4
Maharashtra,Rice,Rabi,820.89,20.65,27.7,16.09,48.52,6.68,103.15,43.16,64.35,18.02,12.45,1186.97,6.672
Haryana,Cotton,Rabi,1097.63,23.09,28.91,14.77,70.25,6.25,104.11,38.83,33.42,8.55,8.79,622.92,4.212
Punjab,Soybean,Rabi,849.75,26.78,34.24,20.79,78.84,6.12,64.53,50.6,45.49,24.84,5.95,899.26,4.505
Uttar Pradesh,Soybean,Zaid,892.32,26.49,33.46,16.83,56.58,5.54,35.65,10.18,43.43,18.47,1.56,573.6,3.183
Haryana,Maize,Kharif,1154.07,33.78,39.87,26.19,69.39,6.83,63.91,52.3,50.64,1.86,10.84,382.45,4.99
Maharashtra,Soybean,Rabi,475.0,28.83,34.47,24.53,53.9,5.26,85.41,13.23,22.73,16.71,8.2,1033.41,3.342
Punjab,Maize,Kharif,818.97,12.03,16.62,7.6,57.13,6.28,86.95,24.75,35.46,5.64,14.76,216.07,4.316
Bihar,Maize,Kharif,865.62,27.15,32.73,18.97,68.7,5.87,94.74,36.56,31.19,19.91,13.06,1036.28,5.29
Haryana,Soybean,Zaid,967.27,26.72,35.43,18.58,65.47,7.0,105.25,27.98,25.25,9.4,12.32,331.65,3.979
Bihar,Soybean,Zaid,786.07,29.74,38.5,25.04,50.27,6.74,98.27,24.13,21.92,17.6,7.64,1042.29,3.705
Karnataka,Rice,Zaid,723.38,28.36,33.96,22.51,62.87,7.35,89.75,17.26,64.09,5.97,9.11,764.24,6.108
Maharashtra,Cotton,Rabi,859.0,25.36,35.32,16.66,62.22,6.87,113.74,36.35,41.17,20.95,14.13,678.92,4.07
Haryana,Barley,Rabi,1294.89,36.76,43.95,30.95,64.54,6.37,98.68,10.15,68.18,8.01,14.41,959.16,4.374
Bihar,Soybean,Kharif,581.39,23.2,32.71,15.02,47.65,6.05,43.23,11.46,37.51,15.26,4.93,779.62,3.045
Karnataka,Maize,Rabi,719.04,33.71,42.29,26.3,66.77,5.72,23.47,43.95,30.42,10.5,9.54,912.27,3.921
Uttar Pradesh,Soybean,Kharif,963.42,31.84,36.55,27.72,59.15,5.35,30.89,31.46,31.65,14.39,6.16,401.47,3.285
Maharashtra,Cotton,Kharif,1003.01,31.16,38.24,23.76,69.03,6.79,29.95,56.07,76.93,11.24,8.92,229.03,4.141
Punjab,Cotton,Rabi,1302.36,22.94,28.04,18.89,68.26,6.34,74.17,38.95,44.76,11.76,11.42,489.57,3.727
Maharashtra,Soybean,Zaid,1303.6,27.99,32.81,23.77,91.59,5.18,24.58,17.93,33.17,6.95,8.45,599.44,3.636
Uttar Pradesh,Soybean,Rabi,933.9,29.58,39.11,19.7,81.03,7.01,36.52,41.4,59.26,2.65,12.41,983.07,3.942
Maharashtra,Wheat,Rabi,832.96,23.17,30.8,17.31,53.7,5.7,78.07,28.37,77.63,0.64,13.74,200.68,4.821
Bihar,Wheat,Kharif,1152.44,27.77,36.13,21.32,56.69,6.56,99.39,56.98,70.75,18.62,9.94,721.09,6.241
Karnataka,Maize,Zaid,778.89,29.55,33.87,20.67,76.86,7.58,23.77,45.69,27.99,24.9,0.63,429.79,4.642
Uttar Pradesh,Cotton,Zaid,983.25,30.91,40.68,23.24,44.89,5.78,106.63,22.26,73.08,22.02,9.6,804.0,3.669
Haryana,Maize,Zaid,721.27,38.79,45.13,29.12,67.91,6.85,23.72,52.62,42.15,18.56,1.08,1093.87,4.579
Maharashtra,Soybean,Zaid,989.64,28.58,34.4,23.8,39.19,6.97,61.19,45.15,42.29,2.68,12.85,625.1,4.17
Haryana,Wheat,Zaid,940.64,22.89,31.99,13.95,74.8,6.51,106.57,50.17,23.11,11.17,8.01,457.81,6.009
Maharashtra,Soybean,Kharif,989.97,16.77,25.91,7.57,74.94,6.74,115.23,34.59,21.29,20.1,9.68,580.52,4.65
Punjab,Rice,Rabi,1033.42,27.6,36.76,19.02,61.0,5.0,41.88,20.72,16.9,4.28,5.38,740.72,5.485
Karnataka,Barley,Rabi,882.85,25.83,35.52,15.88,55.34,6.94,92.86,18.92,52.0,22.4,6.01,1128.84,4.719
Punjab,Wheat,Kharif,429.71,18.23,22.67,13.61,39.45,6.99,116.66,44.06,34.53,9.9,11.77,635.41,5.495
Haryana,Wheat,Rabi,1229.44,33.2,40.21,27.73,81.21,6.82,28.15,59.74,70.88,8.29,13.12,881.71,5.546
Maharashtra,Cotton,Kharif,1026.01,21.61,27.4,15.76,54.81,7.45,25.99,51.79,29.77,22.03,13.79,272.77,3.663
Bihar,Barley,Zaid,572.18,27.77,35.85,20.15,79.88,6.67,53.31,26.9,42.3,21.38,3.96,450.79,4.167
Uttar Pradesh,Cotton,Kharif,1052.43,21.69,31.49,17.53,72.21,7.21,97.28,19.46,61.01,15.75,10.29,466.1,3.587
Karnataka,Barley,Kharif,1185.16,30.38,39.51,21.69,69.87,6.12,77.46,11.73,61.42,18.55,8.66,368.15,4.666
Karnataka,Maize,Rabi,571.87,31.82,40.26,27.45,57.21,7.13,40.77,21.66,15.93,22.35,12.16,231.29,3.51
Uttar Pradesh,Cotton,Zaid,827.7,18.55,23.2,11.0,56.12,7.78,118.59,48.31,70.7,15.07,13.08,311.51,4.185
Punjab,Maize,Rabi,799.66,20.28,26.71,15.09,60.75,6.28,79.98,16.74,30.67,8.27,7.01,238.09,5.371
Haryana,Wheat,Zaid,753.07,28.93,38.05,22.19,76.93,6.81,68.29,31.15,78.95,24.9,8.65,268.0,4.811
Maharashtra,Cotton,Zaid,1247.18,27.33,32.24,18.41,81.88,6.87,52.48,23.77,72.37,10.54,4.04,910.4,4.325
Uttar Pradesh,Barley,Rabi,1028.28,18.81,22.82,14.5,47.99,6.72,53.11,49.06,62.4,24.46,7.33,366.07,4.986
Karnataka,Rice,Zaid,1117.09,12.15,20.29,6.57,52.82,5.0,87.14,53.76,35.44,11.02,0.55,612.85,6.022
Karnataka,Soybean,Zaid,862.7,21.64,29.88,16.73,78.36,6.01,64.07,54.36,46.26,11.68,3.54,510.22,4.467
Uttar Pradesh,Cotton,Kharif,967.93,26.32,32.19,16.91,57.36,5.59,36.75,40.64,53.14,15.74,4.65,362.1,3.574
Karnataka,Soybean,Rabi,650.79,22.96,27.37,16.11,52.04,6.53,64.44,41.98,75.35,17.73,7.79,970.05,4.281
Bihar,Maize,Zaid,1083.71,33.36,38.52,25.23,65.75,7.17,59.25,40.65,61.38,20.49,5.29,1036.72,4.641
Punjab,Wheat,Rabi,373.87,32.66,37.41,27.11,46.85,6.73,116.17,25.14,44.64,20.16,5.11,585.14,4.247
Uttar Pradesh,Barley,Rabi,1040.69,23.69,32.11,15.99,51.51,6.71,115.71,41.51,53.71,16.17,14.34,539.86,5.598
Maharashtra,Cotton,Zaid,724.96,36.54,41.78,31.17,64.02,6.35,57.19,23.81,64.05,1.28,11.21,410.27,2.956
Haryana,Barley,Rabi,273.89,25.84,34.04,18.53,68.58,6.89,76.93,52.91,42.6,22.43,5.9,528.59,4.522
Punjab,Cotton,Kharif,698.63,30.83,37.9,23.06,64.33,6.77,50.25,24.71,21.31,4.73,12.78,900.58,3.301
Maharashtra,Soybean,Kharif,1150.18,27.55,36.98,19.09,82.99,6.62,85.62,56.8,20.07,21.29,3.11,901.28,5.001
Karnataka,Wheat,Rabi,1091.45,24.45,32.05,16.74,53.66,7.57,90.34,17.73,59.01,3.54,7.45,586.77,6.763
Uttar Pradesh,Barley,Rabi,644.03,17.63,23.34,11.36,68.95,5.65,112.43,18.53,18.93,20.8,4.68,782.83,4.84
Haryana,Wheat,Kharif,883.43,33.34,41.13,27.52,52.98,6.44,113.36,33.81,47.68,8.43,4.4,1196.53,5.364
Punjab,Wheat,Rabi,1292.09,28.2,36.01,19.89,49.37,6.42,105.23,29.6,70.2,4.99,3.4,917.34,6.443
Bihar,Barley,Zaid,824.6,21.07,28.11,11.81,85.27,6.86,69.0,53.17,28.91,23.07,8.72,589.36,4.275
Maharashtra,Rice,Zaid,543.4,35.99,45.71,28.17,63.88,6.35,31.66,25.18,17.05,12.44,5.16,297.52,4.924
Karnataka,Rice,Zaid,712.56,26.91,34.18,18.39,70.76,5.98,91.11,51.67,58.74,13.42,1.37,490.03,6.695
Uttar Pradesh,Rice,Rabi,609.14,26.62,36.57,18.91,77.59,7.6,53.63,12.39,43.04,6.4,12.37,419.96,4.773
Punjab,Barley,Kharif,727.99,27.87,37.51,23.43,48.83,7.39,79.44,11.8,55.37,15.64,8.58,831.53,4.612
Haryana,Cotton,Zaid,1012.1,25.68,34.01,15.79,53.5,6.99,55.3,29.25,79.78,17.32,2.21,537.08,3.858
Karnataka,Cotton,Rabi,666.09,21.57,27.58,12.15,47.55,7.01,68.46,59.64,61.94,23.84,1.54,412.15,4.163
Karnataka,Soybean,Zaid,1050.78,36.27,46.01,30.93,68.77,6.23,20.4,44.44,29.39,22.58,12.66,1105.29,3.576
Punjab,Soybean,Rabi,1030.51,20.78,26.72,12.52,76.15,6.02,71.82,44.31,48.62,16.23,6.85,978.33,4.539
Karnataka,Maize,Rabi,971.23,29.44,37.44,24.22,49.19,6.24,72.8,52.36,58.6,3.96,11.24,1195.81,5.741
Haryana,Maize,Kharif,1299.14,27.06,34.89,19.54,72.25,7.09,64.06,53.0,38.58,12.84,0.81,424.17,5.391
Haryana,Maize,Rabi,1010.34,25.62,34.75,20.17,60.27,7.81,52.91,27.36,25.3,17.48,4.56,376.74,4.847
Uttar Pradesh,Soybean,Kharif,862.94,14.44,21.21,8.02,54.88,6.36,53.26,53.96,21.64,23.98,2.06,562.03,3.983
Bihar,Soybean,Zaid,934.41,26.13,31.88,18.26,57.32,5.81,104.45,11.88,73.42,24.4,10.18,1184.26,4.682
Punjab,Wheat,Kharif,858.36,23.83,30.54,16.09,48.96,6.0,64.96,12.13,29.7,24.82,5.52,524.77,5.173
Haryana,Barley,Zaid,790.5,28.46,32.86,20.16,65.99,6.28,43.1,59.24,51.29,24.25,2.88,605.1,5.186
Uttar Pradesh,Rice,Kharif,1150.81,22.37,26.46,17.32,74.51,5.89,48.98,15.9,38.02,2.39,14.69,515.01,5.996
Punjab,Rice,Zaid,999.36,22.72,30.84,18.66,60.97,5.56,55.33,30.33,59.54,9.71,5.92,263.46,5.591
Punjab,Cotton,Rabi,1134.06,31.33,41.09,23.22,65.66,7.5,43.89,38.36,17.65,2.97,5.82,882.5,4.089
Uttar Pradesh,Rice,Kharif,1430.22,26.66,30.98,19.14,89.43,6.38,20.65,38.4,68.14,2.18,11.18,834.54,6.199
Punjab,Soybean,Rabi,1086.02,16.12,22.52,6.95,89.37,6.84,102.94,16.22,64.46,8.54,13.08,570.23,4.355
Punjab,Wheat,Rabi,853.22,27.16,31.37,22.1,70.72,6.39,88.02,58.13,57.89,10.73,8.36,1112.83,6.464
Uttar Pradesh,Soybean,Zaid,667.17,31.68,36.52,23.18,63.2,6.38,31.66,51.49,22.15,12.22,10.4,684.25,2.833
Uttar Pradesh,Soybean,Zaid,415.45,29.29,37.53,22.87,78.25,6.18,92.35,24.96,24.15,22.84,13.02,818.43,3.083
Bihar,Cotton,Kharif,578.97,34.88,42.71,25.39,75.47,6.41,111.71,47.68,41.12,24.69,10.96,1025.44,3.347
Karnataka,Cotton,Kharif,815.27,33.15,42.43,24.18,61.76,6.2,49.66,30.33,22.48,20.85,9.87,812.72,2.49
Karnataka,Soybean,Zaid,1134.93,37.18,46.36,30.03,80.49,6.12,30.14,41.53,62.24,1.8,3.41,737.27,4.124
Bihar,Cotton,Rabi,1151.05,32.0,37.01,27.96,85.83,6.51,64.49,19.94,75.65,19.79,2.16,468.96,4.119
Uttar Pradesh,Maize,Zaid,1335.56,28.18,36.83,23.72,79.17,6.5,91.1,10.11,28.13,19.58,2.33,526.38,5.302
Punjab,Cotton,Kharif,628.24,23.59,31.74,19.24,67.41,7.22,103.35,49.88,66.6,10.27,12.43,829.98,4.073
Punjab,Barley,Rabi,1034.56,25.84,31.64,16.28,57.49,7.25,69.86,57.73,61.39,15.04,3.54,444.44,5.213
Bihar,Cotton,Kharif,801.78,15.75,22.05,6.14,72.79,6.35,79.47,36.21,25.41,7.14,13.07,979.96,3.682
Bihar,Wheat,Zaid,785.48,18.72,26.35,9.92,75.12,6.34,42.46,30.65,31.36,3.17,9.62,707.47,4.994
Uttar Pradesh,Barley,Rabi,828.46,21.4,30.74,15.93,77.51,6.68,80.69,59.11,31.0,2.19,12.73,690.93,4.322
Punjab,Wheat,Zaid,787.54,23.16,28.26,13.34,71.02,5.94,21.94,26.09,73.9,5.03,4.62,1026.51,4.938
Maharashtra,Wheat,Kharif,939.28,28.68,33.44,23.35,82.86,6.08,49.32,54.23,65.77,14.01,7.16,819.54,6.004
Punjab,Barley,Zaid,754.27,40.11,49.72,30.38,68.99,6.46,72.62,36.98,68.46,3.96,9.53,1142.6,4.593
Karnataka,Rice,Zaid,931.46,35.2,42.84,30.98,42.11,6.84,111.56,39.18,61.03,17.06,6.19,214.02,6.713
Maharashtra,Wheat,Rabi,914.07,29.87,38.83,20.43,74.14,6.17,80.8,35.42,65.6,6.35,12.28,849.96,5.273
Punjab,Rice,Zaid,825.75,28.6,37.87,20.84,60.82,6.57,70.47,53.13,64.53,9.75,0.83,1080.34,6.451
Maharashtra,Cotton,Rabi,967.29,32.98,39.45,28.0,72.4,5.31,56.25,50.74,45.8,2.23,5.74,358.27,3.567
Haryana,Barley,Zaid,711.81,18.57,27.23,11.16,48.48,6.27,27.08,45.28,61.91,5.98,14.33,252.51,4.881
Bihar,Soybean,Kharif,759.09,24.32,33.28,15.86,74.16,6.85,69.49,43.78,41.77,8.46,1.69,578.01,4.406
Karnataka,Wheat,Zaid,1238.26,21.94,29.39,16.88,79.1,5.51,114.24,22.76,69.27,22.47,11.17,414.68,5.91
Bihar,Barley,Zaid,614.92,29.77,39.64,21.1,95.0,6.78,68.89,52.04,36.38,5.22,0.66,822.54,4.763
Maharashtra,Barley,Zaid,935.61,22.03,31.82,13.92,54.67,6.37,66.03,20.21,46.12,19.88,12.75,204.16,4.453
Bihar,Rice,Kharif,578.92,21.8,28.14,15.87,78.44,6.99,70.69,33.23,48.55,1.19,1.29,571.14,5.851
Karnataka,Soybean,Zaid,1173.81,23.78,30.67,15.6,46.5,5.54,71.55,35.62,51.55,4.59,9.76,244.34,4.935
Karnataka,Wheat,Rabi,1098.27,18.72,27.69,11.48,87.26,5.89,33.8,39.55,52.76,16.5,14.14,692.03,4.762
Uttar Pradesh,Maize,Rabi,981.47,28.96,34.78,20.87,73.48,6.5,33.31,33.8,24.2,3.17,10.62,358.0,4.772
Karnataka,Soybean,Zaid,1010.61,21.85,28.43,15.66,58.16,8.25,63.47,38.8,74.75,12.34,11.83,748.65,4.122
Bihar,Maize,Zaid,926.1,34.87,42.51,28.17,64.13,6.2,114.51,41.19,71.78,7.62,4.53,535.78,4.853
Maharashtra,Wheat,Rabi,951.86,26.1,33.07,20.01,86.23,5.79,88.38,36.78,16.74,2.36,14.62,946.24,5.788
Uttar Pradesh,Cotton,Rabi,964.1,22.12,27.85,13.96,55.9,6.36,72.95,52.23,79.95,15.76,8.24,986.88,3.819
Uttar Pradesh,Cotton,Kharif,886.78,23.78,27.92,18.57,30.0,6.01,83.85,35.5,46.75,19.61,5.19,294.52,4.062
Karnataka,Soybean,Kharif,1013.99,34.23,43.76,25.14,95.0,7.0,51.45,29.03,60.39,0.89,14.91,210.84,3.603
Uttar Pradesh,Rice,Rabi,885.1,27.06,34.64,21.26,50.2,6.26,26.96,26.77,77.39,8.42,9.52,719.88,5.285
Haryana,Barley,Kharif,1068.26,28.36,35.62,21.99,62.2,7.02,87.11,56.45,78.19,13.9,9.34,856.36,5.12
Karnataka,Rice,Rabi,512.23,22.4,30.37,13.18,58.6,5.86,88.89,48.82,20.1,10.48,11.66,1192.24,5.786
Bihar,Cotton,Kharif,662.34,28.3,35.54,20.4,70.1,5.71,118.56,33.88,66.87,7.54,12.54,1023.7,3.926
Karnataka,Maize,Rabi,994.62,31.92,40.56,26.08,80.96,7.57,37.87,17.39,24.24,24.95,2.82,390.24,4.788
Bihar,Barley,Zaid,530.08,25.09,32.82,17.45,72.39,6.73,75.29,22.32,20.74,3.12,13.51,450.31,3.831
Punjab,Cotton,Zaid,1251.36,31.16,35.86,26.65,72.43,5.93,46.22,50.06,73.99,19.31,13.4,759.89,3.941
Uttar Pradesh,Cotton,Rabi,650.23,27.46,37.41,20.64,50.82,6.33,46.05,26.52,78.62,10.11,10.35,767.1,3.235
Uttar Pradesh,Soybean,Zaid,686.11,34.62,42.89,29.66,66.29,6.35,26.48,59.86,75.41,18.81,3.41,1188.53,3.903
Haryana,Wheat,Zaid,634.16,23.25,32.7,18.2,60.74,5.71,119.97,49.98,75.03,17.04,13.22,707.05,5.015
Uttar Pradesh,Wheat,Kharif,699.19,31.62,37.27,22.91,44.87,7.8,112.78,28.49,21.99,4.58,7.67,279.86,5.176
Punjab,Soybean,Zaid,871.34,19.66,26.35,15.13,41.15,6.23,60.58,44.25,58.34,15.33,2.79,485.92,4.07
Uttar Pradesh,Cotton,Zaid,957.35,26.3,34.33,19.28,70.53,5.9,34.03,13.2,35.77,19.8,2.17,311.42,3.544
Uttar Pradesh,Barley,Kharif,767.14,20.57,26.59,15.31,49.93,7.46,75.96,30.03,73.29,23.23,10.84,415.69,4.986
Haryana,Wheat,Zaid,751.9,26.44,34.41,20.5,90.2,5.78,56.48,43.72,53.71,6.48,1.13,1056.02,6.132
Maharashtra,Rice,Rabi,567.91,25.96,30.05,18.76,64.54,7.44,94.59,21.79,18.54,20.18,13.04,440.69,5.522
Punjab,Maize,Kharif,668.33,16.62,25.37,10.26,56.44,5.92,23.86,19.36,41.79,15.11,0.57,775.15,4.262
Maharashtra,Wheat,Rabi,654.27,21.39,28.16,16.67,70.55,6.55,101.15,57.38,45.42,16.48,2.94,1176.81,6.382
Haryana,Barley,Zaid,1150.52,32.2,41.9,23.58,64.8,6.87,71.73,47.87,21.83,1.82,14.76,1116.3,4.328
Bihar,Wheat,Kharif,923.95,24.43,31.14,18.39,64.17,6.65,49.04,36.22,22.31,18.41,9.47,800.71,5.084
Haryana,Rice,Rabi,775.58,28.72,35.22,21.75,65.1,7.95,99.62,14.79,54.53,12.37,12.0,1197.32,5.493
Maharashtra,Soybean,Zaid,1153.33,27.98,36.48,22.61,65.25,7.21,41.64,54.09,24.41,20.38,5.9,863.52,4.571
Uttar Pradesh,Cotton,Rabi,925.83,25.78,31.95,17.39,60.59,6.13,94.01,21.58,33.79,23.58,8.53,954.45,4.317
Punjab,Rice,Zaid,867.29,26.51,32.31,19.86,34.41,7.05,49.08,43.43,79.98,3.71,10.67,726.96,6.282
Uttar Pradesh,Barley,Rabi,1119.36,27.52,35.98,17.61,59.58,6.05,97.96,42.49,20.84,15.33,11.39,397.19,4.616
Karnataka,Cotton,Rabi,852.47,29.37,38.0,20.7,50.93,6.65,35.36,19.76,49.56,6.0,12.19,816.22,2.918
Maharashtra,Maize,Rabi,1290.99,23.76,32.07,19.19,60.34,6.08,69.16,38.49,38.62,18.27,0.71,362.2,5.905
Maharashtra,Soybean,Rabi,540.76,17.66,26.58,13.2,68.23,5.42,31.47,47.91,47.76,10.56,11.01,492.9,3.514
Karnataka,Barley,Kharif,1162.21,24.37,29.93,14.46,63.34,6.64,117.8,36.79,62.45,14.52,1.83,1152.42,5.625
Bihar,Rice,Zaid,735.79,22.51,27.69,17.49,77.7,6.24,116.61,32.5,46.83,7.84,1.74,788.24,6.244
Karnataka,Cotton,Kharif,1031.98,30.38,37.15,24.53,56.5,6.37,21.19,23.44,49.52,12.17,14.13,1043.66,3.311
Karnataka,Barley,Rabi,760.25,22.79,29.38,16.87,38.05,6.53,72.31,17.48,74.91,3.26,14.56,642.48,4.308
Bihar,Maize,Rabi,960.97,28.66,33.19,24.16,90.36,7.07,20.93,35.76,78.42,21.53,3.87,728.07,4.948
Maharashtra,Rice,Kharif,456.18,19.25,24.53,12.95,74.99,7.48,34.77,31.24,30.3,21.2,11.4,736.34,4.584
Uttar Pradesh,Barley,Kharif,926.36,25.73,30.02,16.19,62.59,5.95,21.8,50.75,52.96,0.97,11.73,301.56,4.3
Maharashtra,Rice,Kharif,549.76,31.36,39.91,21.86,78.93,5.88,66.33,21.5,44.8,6.52,12.21,809.92,5.189
Punjab,Soybean,Zaid,843.11,25.41,32.67,15.82,67.31,5.83,89.85,45.05,19.26,17.49,3.58,454.52,4.138
Maharashtra,Rice,Rabi,410.67,24.41,32.98,17.95,54.63,6.36,36.54,57.94,68.15,2.42,7.95,466.89,5.783
Haryana,Soybean,Zaid,843.81,31.84,37.8,25.39,39.37,6.59,57.0,34.92,42.16,24.13,1.48,785.95,4.151
Bihar,Maize,Rabi,822.31,27.91,34.87,22.36,68.41,7.25,70.78,52.34,41.25,14.15,2.23,255.97,4.342
Haryana,Cotton,Zaid,721.39,26.22,32.47,21.64,52.03,7.85,63.88,49.91,35.27,23.54,4.6,531.3,3.738
Maharashtra,Barley,Zaid,829.13,21.9,26.42,16.13,62.35,5.97,76.46,34.49,77.54,3.35,11.81,327.03,4.506
Karnataka,Rice,Rabi,807.22,23.91,33.19,17.08,64.09,6.89,83.26,43.9,41.12,6.45,10.88,504.16,6.863
Haryana,Rice,Rabi,628.65,18.01,23.26,9.01,59.88,5.93,52.53,55.48,72.13,21.67,1.07,1049.87,6.528
Maharashtra,Cotton,Kharif,464.54,25.24,34.91,16.56,77.72,6.7,38.59,31.2,66.43,15.36,11.86,709.82,3.138
Punjab,Barley,Zaid,1007.51,29.15,38.43,19.85,63.95,6.03,102.01,24.16,70.24,5.42,13.25,741.09,5.17
Maharashtra,Wheat,Zaid,745.2,28.04,34.55,22.72,85.42,7.86,81.11,41.04,17.42,1.17,13.48,895.5,4.767
Punjab,Rice,Kharif,994.38,21.67,29.5,13.83,52.86,5.04,52.22,31.27,79.33,14.1,8.43,1009.59,5.846
Maharashtra,Wheat,Zaid,803.41,30.54,35.46,23.82,59.41,7.14,81.38,22.86,27.17,9.67,4.2,1008.48,5.654
Maharashtra,Barley,Zaid,911.7,27.95,32.94,23.08,63.33,7.0,27.89,25.64,71.91,1.89,8.71,763.0,4.409
Karnataka,Rice,Kharif,801.56,24.08,31.15,14.27,62.18,5.96,118.21,48.96,65.06,12.87,13.52,781.18,6.443
Punjab,Maize,Zaid,1029.13,31.19,38.71,25.85,68.51,7.24,77.71,14.34,67.48,24.0,1.87,931.6,4.692
Punjab,Maize,Kharif,467.57,27.36,36.38,20.4,64.5,6.51,66.74,11.96,56.01,1.12,11.82,933.85,5.185
Punjab,Cotton,Kharif,798.39,26.97,31.76,22.38,91.54,5.47,112.96,51.69,62.04,24.57,10.57,292.36,4.611
Uttar Pradesh,Cotton,Rabi,465.92,22.5,27.21,17.31,70.96,5.0,106.72,14.96,39.82,16.34,13.82,439.02,3.143
Karnataka,Rice,Kharif,856.64,28.91,37.57,23.36,65.46,6.08,83.05,46.03,52.72,4.77,13.9,366.61,6.088
Bihar,Soybean,Kharif,747.85,29.4,34.83,21.79,84.68,7.2,72.24,23.3,41.72,17.43,11.88,569.56,2.91
Uttar Pradesh,Cotton,Rabi,894.81,25.85,35.62,18.67,66.09,6.38,75.97,36.97,64.97,19.44,4.64,1085.86,4.161
Bihar,Cotton,Zaid,642.32,16.63,25.34,8.71,52.07,7.03,96.41,39.28,79.81,6.61,9.81,521.13,3.77
Haryana,Maize,Rabi,846.17,32.75,36.99,24.4,67.85,6.35,28.15,19.79,18.13,23.68,8.74,594.02,4.297
Punjab,Maize,Rabi,725.72,28.0,32.79,23.09,64.54,6.7,32.61,43.52,55.21,5.83,12.44,305.25,4.874
Bihar,Rice,Zaid,499.67,25.3,33.18,16.05,51.44,6.45,96.61,22.96,64.37,7.36,7.47,939.19,5.968
Punjab,Cotton,Kharif,1187.6,20.61,30.59,13.81,82.87,6.91,68.99,13.67,71.18,13.7,6.53,597.18,4.239
Maharashtra,Cotton,Rabi,1044.84,28.57,35.04,21.14,66.14,7.3,59.79,53.3,38.28,11.26,12.11,791.87,4.324
Maharashtra,Maize,Rabi,408.58,29.58,34.76,22.34,54.98,5.55,48.33,11.04,45.88,16.33,5.4,976.53,3.967
Bihar,Wheat,Kharif,987.46,28.23,34.75,19.13,67.05,5.67,31.49,16.56,65.75,15.25,4.85,362.07,5.275
Uttar Pradesh,Barley,Zaid,880.93,27.23,35.86,21.53,48.86,6.11,28.77,34.37,70.04,1.77,7.42,1073.26,4.559
Bihar,Barley,Rabi,1013.88,27.89,33.55,23.15,70.1,6.49,102.71,33.07,78.1,15.1,9.26,375.29,5.312
Karnataka,Rice,Zaid,1095.46,21.41,28.31,15.27,74.86,5.24,34.07,26.03,71.48,20.23,1.97,287.81,6.431
Haryana,Soybean,Kharif,591.58,17.23,21.88,7.41,61.27,6.82,114.02,33.52,24.68,12.67,12.32,1059.54,3.241
Uttar Pradesh,Soybean,Rabi,302.84,31.17,38.69,24.64,71.12,6.48,73.21,36.02,27.31,6.41,10.54,1051.9,3.074
Bihar,Cotton,Zaid,646.18,30.36,36.47,21.74,72.66,6.69,60.24,32.89,47.85,22.49,6.46,484.81,3.544
Haryana,Soybean,Rabi,809.62,20.67,30.4,12.58,61.71,6.06,103.2,54.27,21.66,21.77,9.45,232.28,4.677
Karnataka,Soybean,Kharif,701.43,22.48,26.49,13.72,48.02,6.23,72.09,49.44,55.92,13.25,14.25,695.6,3.973
Punjab,Barley,Rabi,900.89,21.76,31.15,14.85,71.53,6.4,53.5,56.86,31.29,2.32,11.69,604.72,4.608
Maharashtra,Soybean,Kharif,727.58,19.54,25.6,13.06,76.28,6.15,26.2,10.03,44.45,18.78,6.84,718.01,3.314
Karnataka,Barley,Rabi,914.34,28.94,37.97,23.67,58.78,6.22,114.19,37.15,47.04,19.23,14.88,625.93,5.189
Uttar Pradesh,Maize,Zaid,927.74,18.96,26.27,10.57,63.06,6.04,41.68,47.21,22.55,12.7,8.42,539.35,5.073
Punjab,Soybean,Zaid,955.19,27.51,34.56,18.28,77.79,6.19,38.78,59.52,17.13,14.05,2.94,607.98,3.946
Uttar Pradesh,Cotton,Kharif,824.33,34.43,41.15,30.16,60.54,6.97,46.43,31.93,46.8,14.46,12.93,789.9,3.863
Uttar Pradesh,Wheat,Zaid,924.95,24.96,33.39,16.43,71.23,6.53,42.77,23.57,73.85,18.2,2.58,626.36,5.889
Haryana,Wheat,Zaid,890.43,27.08,36.79,19.13,82.1,5.1,40.97,44.57,23.93,21.08,11.45,504.91,5.457
Uttar Pradesh,Barley,Kharif,674.99,15.74,24.48,10.57,62.41,6.86,35.27,46.99,62.06,18.69,5.5,939.8,4.781
Bihar,Barley,Rabi,895.71,20.29,27.05,11.01,63.91,7.18,69.08,12.13,78.22,19.56,3.61,1123.7,5.212
Uttar Pradesh,Rice,Zaid,854.68,20.19,28.71,10.71,72.3,7.57,35.48,33.9,56.76,0.95,9.82,839.75,6.25
Punjab,Cotton,Zaid,678.9,17.27,24.46,11.67,52.29,6.47,47.02,50.55,74.98,13.64,0.78,555.43,3.334
Karnataka,Wheat,Zaid,1053.39,27.03,34.26,18.47,81.37,6.79,100.56,11.85,24.79,0.8,8.55,800.09,5.706
Uttar Pradesh,Cotton,Rabi,1077.88,22.39,32.28,15.15,46.51,6.7,39.31,26.04,76.1,5.06,2.13,746.35,4.397
Karnataka,Cotton,Rabi,911.97,15.01,20.47,5.32,95.0,6.36,76.78,20.14,55.86,6.12,6.71,379.51,3.516
Bihar,Wheat,Kharif,702.59,23.93,32.31,18.93,72.72,6.36,42.67,34.01,40.99,24.3,11.99,278.19,5.078
Punjab,Maize,Zaid,833.99,25.05,29.51,20.69,72.95,6.05,21.94,58.48,39.75,8.75,7.38,717.86,4.798
Punjab,Rice,Rabi,1124.59,24.23,32.26,16.53,52.03,5.94,67.31,54.09,43.86,12.2,9.68,415.9,6.675
Karnataka,Maize,Rabi,1199.47,32.98,41.74,26.2,62.03,7.16,111.95,57.84,56.67,5.03,5.84,505.47,6.108
Maharashtra,Cotton,Rabi,628.24,30.43,37.01,23.93,84.96,7.41,109.41,32.89,75.46,10.14,5.21,495.05,3.684
Bihar,Soybean,Rabi,976.9,31.11,36.61,22.64,61.96,5.66,52.0,32.79,31.06,23.14,2.22,1151.95,3.657
Karnataka,Barley,Zaid,1055.55,28.47,34.76,23.38,87.86,5.49,108.58,53.92,25.13,5.86,6.45,318.81,5.441
Uttar Pradesh,Soybean,Rabi,586.18,21.97,31.03,14.33,53.39,5.94,92.23,16.17,69.12,7.99,6.57,662.76,4.109
Uttar Pradesh,Rice,Kharif,689.1,27.09,36.75,18.17,71.04,6.09,77.64,24.32,78.38,23.25,2.13,1039.42,5.903
Bihar,Rice,Kharif,1280.79,23.34,32.25,16.25,69.6,6.35,98.83,34.1,62.52,1.48,5.11,873.22,7.409
Karnataka,Maize,Rabi,494.31,29.77,37.23,20.45,88.76,5.71,66.56,19.54,20.41,7.66,9.35,994.37,4.057
Maharashtra,Barley,Rabi,794.96,23.45,28.62,18.83,47.04,6.52,95.66,25.89,49.91,21.88,14.07,440.23,4.409
Haryana,Cotton,Kharif,902.67,27.65,36.0,18.61,73.27,5.98,105.31,26.18,30.19,0.54,3.92,318.44,3.873
Punjab,Soybean,Kharif,593.05,26.08,34.31,20.37,56.84,6.47,113.89,59.58,38.22,23.69,9.38,1106.47,4.316
Maharashtra,Soybean,Kharif,627.49,26.81,31.87,19.3,72.13,5.81,93.26,19.39,74.42,1.87,4.6,653.72,3.53
Karnataka,Wheat,Zaid,947.25,20.74,24.79,16.29,65.07,6.72,82.17,16.92,21.01,20.53,12.26,1127.38,5.172
Uttar Pradesh,Maize,Rabi,920.9,30.02,38.19,25.84,69.28,6.0,104.28,19.29,66.36,3.79,10.12,979.26,5.242
Haryana,Wheat,Kharif,709.51,28.92,36.72,24.66,55.59,6.87,47.7,18.85,61.59,1.08,13.9,957.49,5.02
Punjab,Wheat,Zaid,648.33,24.41,32.39,19.57,68.43,6.09,64.51,40.81,25.11,5.94,12.29,455.71,4.764
Haryana,Cotton,Zaid,529.51,31.1,38.55,22.06,67.72,5.91,85.72,53.21,55.56,6.99,1.1,305.32,3.446
Bihar,Barley,Zaid,787.86,23.54,32.96,15.13,66.57,6.89,42.24,24.26,26.29,5.82,13.79,543.24,3.662
Punjab,Soybean,Kharif,1098.26,24.94,34.38,17.79,66.41,7.15,63.2,47.54,18.25,1.4,13.19,310.01,4.374
Uttar Pradesh,Cotton,Kharif,898.45,12.26,21.22,3.01,60.25,6.14,103.69,14.48,22.6,12.25,11.96,535.98,3.422
Bihar,Maize,Kharif,1124.77,27.36,35.45,17.75,63.88,5.89,66.35,21.4,69.11,17.27,4.7,823.28,4.986
Haryana,Soybean,Kharif,757.63,13.52,22.78,5.44,56.31,7.01,52.12,37.64,50.08,13.82,6.47,552.8,3.072
Haryana,Soybean,Zaid,511.36,17.74,27.15,13.32,48.08,6.73,92.03,56.05,71.57,17.68,2.7,749.05,4.07
Karnataka,Soybean,Zaid,711.93,27.86,33.89,19.79,72.93,6.55,107.84,22.3,66.84,17.39,4.58,621.69,4.408
Karnataka,Barley,Zaid,865.9,21.09,25.88,14.24,72.89,6.28,83.87,30.51,69.9,11.01,9.42,597.89,4.821
Maharashtra,Soybean,Rabi,513.23,29.75,36.94,21.93,57.08,7.05,47.6,53.75,50.92,4.23,11.22,357.23,3.051
Uttar Pradesh,Soybean,Zaid,549.62,25.22,31.84,18.05,59.7,6.57,60.04,47.91,65.14,17.56,4.45,669.4,4.202
Maharashtra,Wheat,Zaid,312.05,34.37,42.86,25.15,68.59,6.87,30.55,40.31,42.41,5.28,8.16,985.52,3.685
Uttar Pradesh,Soybean,Zaid,824.7,31.39,40.41,24.89,79.44,6.68,88.64,31.55,33.31,8.47,2.42,247.16,4.037
Bihar,Wheat,Kharif,931.44,21.89,28.56,16.55,58.42,7.08,32.19,44.91,29.67,9.15,0.54,679.09,5.416
Bihar,Barley,Kharif,993.54,25.96,30.05,16.01,61.17,6.64,71.89,53.4,24.37,19.92,12.2,236.13,4.772
Uttar Pradesh,Rice,Rabi,772.86,28.22,33.16,20.0,52.89,6.59,67.43,30.62,47.01,22.54,6.24,842.26,5.819
Karnataka,Wheat,Zaid,1043.64,36.96,44.51,28.6,62.81,7.19,20.35,48.69,54.3,24.71,11.59,630.21,5.295
Uttar Pradesh,Barley,Rabi,978.51,22.27,26.79,13.87,63.82,6.48,68.83,50.49,63.07,19.22,6.73,1161.18,5.296
Uttar Pradesh,Maize,Zaid,956.87,32.61,40.39,25.8,64.19,6.55,35.99,59.35,56.81,4.75,11.59,801.88,5.764
Uttar Pradesh,Soybean,Rabi,1074.67,24.87,33.4,16.35,67.18,6.14,63.91,44.68,32.69,19.35,14.74,453.54,3.902
Karnataka,Wheat,Rabi,772.99,24.1,32.49,18.39,73.01,7.33,78.89,47.92,54.21,13.15,11.66,232.16,5.676
Maharashtra,Maize,Rabi,771.85,20.08,28.62,13.17,70.74,6.53,81.52,12.62,42.89,6.32,14.37,563.26,5.31
Maharashtra,Barley,Zaid,870.12,22.3,30.98,14.58,68.05,7.14,20.41,51.33,18.87,21.82,14.24,1019.17,4.497
Maharashtra,Maize,Rabi,928.2,19.81,26.63,15.33,61.67,6.32,59.05,19.57,16.13,23.09,8.57,846.95,4.852
Karnataka,Soybean,Kharif,822.61,26.23,31.75,18.86,78.28,6.21,70.96,21.69,56.58,2.71,6.79,1065.96,4.155
Punjab,Maize,Zaid,1066.31,25.0,32.6,17.54,65.5,6.66,21.24,22.66,15.25,10.73,7.41,637.08,5.158
Karnataka,Maize,Zaid,1129.33,24.33,30.21,17.08,44.23,7.54,65.24,29.32,68.19,21.3,6.34,647.79,5.136
Karnataka,Soybean,Rabi,877.6,25.36,30.74,20.41,70.62,5.86,87.58,37.01,68.69,18.9,1.42,538.43,4.33
Uttar Pradesh,Barley,Zaid,661.32,28.3,37.15,21.69,70.36,5.06,72.66,50.42,40.49,14.92,5.3,609.57,4.315
Bihar,Maize,Zaid,751.57,31.36,37.96,23.91,80.86,7.13,62.37,34.09,24.12,13.28,13.22,660.45,4.964
Punjab,Rice,Kharif,1052.31,31.8,39.89,23.82,60.91,5.0,69.97,36.21,18.31,5.12,13.71,515.53,5.413
Punjab,Rice,Kharif,1258.74,23.15,30.52,17.49,89.89,6.61,81.84,58.71,20.15,10.01,10.17,774.57,6.956
Maharashtra,Cotton,Kharif,906.56,18.41,24.7,10.15,71.57,5.76,115.91,36.59,30.42,23.43,4.04,951.18,3.371
Haryana,Maize,Zaid,878.5,33.41,40.89,27.83,65.08,6.41,47.46,36.34,46.52,23.09,11.58,1124.74,4.921
Maharashtra,Rice,Rabi,585.72,16.94,22.21,7.92,60.45,6.13,64.63,21.27,51.58,9.28,13.2,728.36,5.056
Punjab,Rice,Zaid,1048.63,23.46,29.6,15.49,74.21,6.16,65.73,43.41,34.05,2.64,4.17,214.49,6.158
Maharashtra,Barley,Zaid,938.61,36.72,41.73,28.68,58.0,6.54,117.02,11.35,37.21,16.12,5.87,581.21,3.816
Uttar Pradesh,Soybean,Rabi,870.46,34.12,40.94,28.69,62.39,7.16,93.4,20.81,41.16,6.04,10.43,550.45,3.499
Haryana,Cotton,Rabi,485.69,20.02,29.32,14.26,56.99,6.58,87.06,41.86,57.94,23.06,8.0,381.78,3.008
Punjab,Soybean,Zaid,1084.21,27.66,34.36,17.88,77.68,5.13,75.51,13.88,45.53,1.21,11.95,934.53,3.913
Bihar,Maize,Rabi,941.54,29.35,34.26,25.31,68.47,5.79,107.92,43.7,59.65,17.0,10.34,947.11,5.467
Uttar Pradesh,Maize,Zaid,497.51,18.38,25.02,12.39,52.1,6.44,31.11,51.53,64.17,8.77,14.2,1149.36,4.152
Punjab,Cotton,Kharif,692.68,22.29,30.61,14.48,62.39,6.55,114.84,37.58,73.76,20.46,5.4,1013.67,3.773
Maharashtra,Cotton,Kharif,617.62,32.49,42.19,26.32,47.61,5.87,72.26,19.98,19.21,20.42,5.26,779.39,2.735
Karnataka,Barley,Rabi,868.4,31.53,37.55,25.66,49.66,7.2,69.57,16.94,29.52,4.54,12.14,649.72,3.878
Maharashtra,Barley,Rabi,1045.85,26.37,33.58,20.22,68.11,6.4,93.24,13.31,73.87,4.68,1.92,373.22,5.152
Haryana,Maize,Kharif,997.12,27.47,34.58,21.27,56.19,6.95,59.48,36.75,18.36,19.51,10.54,729.3,4.819
Uttar Pradesh,Soybean,Rabi,754.4,31.52,35.79,27.51,59.85,6.95,77.02,44.06,42.35,10.51,8.86,796.83,3.429
Uttar Pradesh,Maize,Zaid,377.13,33.46,42.74,26.13,53.62,5.52,39.9,28.02,74.32,13.31,1.25,605.56,4.319
Karnataka,Soybean,Rabi,843.44,22.82,26.93,16.15,59.91,6.25,84.7,16.3,74.59,15.95,3.66,594.09,3.847
Punjab,Cotton,Zaid,787.2,27.02,35.7,19.29,69.58,6.54,25.82,19.47,40.73,8.86,8.12,466.53,2.708
Karnataka,Soybean,Kharif,804.48,25.72,34.8,19.04,89.41,6.48,23.43,23.11,22.73,2.9,14.21,1005.57,2.883
Uttar Pradesh,Soybean,Rabi,886.27,28.36,32.45,19.42,45.82,6.82,68.96,18.02,54.17,16.37,4.51,980.84,4.573
Uttar Pradesh,Rice,Zaid,420.05,22.54,27.76,14.06,67.29,6.63,116.71,50.52,23.24,4.48,8.39,302.38,6.293
Karnataka,Cotton,Kharif,1182.76,21.53,26.86,14.59,95.0,5.93,92.11,55.33,27.87,9.94,12.18,573.85,4.224
Maharashtra,Barley,Zaid,202.42,27.51,35.03,20.81,56.5,6.49,104.21,29.53,52.82,21.5,11.72,398.24,3.906
Punjab,Soybean,Rabi,863.18,29.17,38.82,23.04,61.7,6.81,118.46,52.48,77.24,12.64,3.54,773.18,5.304
Haryana,Soybean,Rabi,790.31,25.7,35.25,17.36,63.65,6.22,93.45,30.32,18.86,10.17,2.4,1053.7,4.613
Haryana,Wheat,Rabi,745.62,20.94,25.87,13.05,63.99,6.66,34.92,35.63,16.55,2.71,1.68,257.19,4.679
Punjab,Wheat,Rabi,642.68,26.18,35.86,16.92,35.26,6.73,115.91,27.8,21.38,18.31,10.82,441.03,5.497
Maharashtra,Soybean,Zaid,867.67,23.15,31.96,14.64,46.21,7.24,72.19,27.55,61.84,3.35,2.55,326.27,4.352
Uttar Pradesh,Soybean,Rabi,201.57,25.64,34.2,17.69,54.48,7.04,114.64,30.4,72.06,19.56,12.99,216.92,3.776
Haryana,Soybean,Rabi,738.68,25.29,31.63,18.83,66.28,6.02,47.28,28.03,59.62,0.5,11.33,538.97,3.218
Karnataka,Maize,Zaid,799.3,25.17,29.35,19.07,60.01,6.7,81.68,21.47,36.48,21.52,10.62,485.65,4.917
Uttar Pradesh,Cotton,Rabi,786.81,35.32,41.06,28.43,79.9,7.0,51.21,20.94,68.0,6.27,7.15,872.74,3.19
Bihar,Cotton,Rabi,655.57,23.72,32.76,14.04,44.37,6.2,81.17,36.33,34.72,11.17,12.52,500.48,3.364
Bihar,Barley,Kharif,821.41,11.13,20.88,6.11,61.71,6.7,43.56,23.01,34.32,23.02,3.04,373.64,3.526
Haryana,Barley,Zaid,915.0,24.38,33.32,16.04,65.91,6.66,114.13,29.49,62.61,18.28,4.39,1120.58,5.422
Bihar,Maize,Kharif,348.64,21.28,27.17,11.49,68.62,5.87,31.22,45.94,38.64,21.83,13.15,568.09,4.2
Punjab,Maize,Zaid,1049.89,22.75,27.13,15.64,55.73,7.24,115.06,10.68,70.27,20.12,11.5,724.92,5.217
Bihar,Maize,Kharif,1127.98,16.65,22.06,9.32,72.14,6.55,95.26,18.69,26.31,1.57,2.78,440.17,4.824
Maharashtra,Soybean,Rabi,956.72,22.44,26.95,13.89,61.53,6.51,67.07,58.49,39.22,24.01,4.17,305.54,4.242
Uttar Pradesh,Soybean,Zaid,730.89,30.83,40.64,23.8,73.15,7.13,40.79,39.08,70.53,12.19,5.06,775.55,3.778
Punjab,Wheat,Kharif,854.93,29.11,36.62,22.7,66.49,5.68,31.18,17.71,71.96,3.69,13.81,871.96,4.682
Haryana,Cotton,Rabi,1123.82,14.9,19.24,6.29,71.31,7.21,25.45,47.13,62.01,0.82,13.44,332.2,3.082
Uttar Pradesh,Rice,Kharif,636.19,26.95,32.06,22.88,81.32,6.24,83.26,39.12,48.23,9.69,4.84,1156.95,5.914
Bihar,Rice,Kharif,1157.38,29.15,38.93,22.42,71.23,6.91,30.79,34.52,44.51,11.24,8.29,738.37,5.404
Maharashtra,Soybean,Rabi,527.79,24.28,33.26,18.43,66.0,5.86,24.42,44.0,35.92,10.88,12.65,619.58,3.272
Uttar Pradesh,Rice,Zaid,821.78,27.61,34.84,20.99,57.37,6.46,59.06,27.43,72.67,0.92,14.12,558.22,5.486
Karnataka,Soybean,Zaid,1400.3,27.81,36.89,20.72,81.04,6.55,97.6,18.51,17.97,13.75,3.62,928.73,4.272
Punjab,Maize,Rabi,955.57,25.93,35.64,20.45,71.27,6.03,30.08,48.78,19.68,23.06,8.34,896.37,5.008
Haryana,Wheat,Kharif,792.82,20.28,26.26,14.64,47.61,6.16,33.79,27.97,34.75,10.83,9.54,803.15,4.279
Punjab,Maize,Kharif,791.34,28.88,34.18,22.98,50.07,6.14,36.36,55.12,35.9,24.58,4.64,925.65,5.01
Bihar,Soybean,Zaid,1205.1,25.72,33.24,20.22,62.74,6.1,112.54,16.92,28.26,3.12,3.42,490.24,4.069
Punjab,Maize,Kharif,863.36,19.99,25.68,13.26,71.54,6.8,93.16,39.0,22.29,22.45,4.88,356.25,4.72
Haryana,Cotton,Kharif,962.39,20.46,27.07,12.35,72.49,5.97,20.58,29.24,76.42,19.48,11.24,504.52,4.09
Bihar,Wheat,Kharif,836.98,21.83,28.57,17.39,54.37,6.5,55.92,11.17,43.28,15.14,9.14,755.3,5.48
Karnataka,Rice,Rabi,756.82,19.22,26.96,12.33,68.57,6.67,64.09,47.87,72.37,19.84,0.86,200.19,6.058
Uttar Pradesh,Barley,Rabi,1293.01,28.68,37.41,19.87,52.96,7.02,33.83,44.05,54.29,8.67,3.52,1085.1,5.484
Punjab,Soybean,Rabi,1219.12,28.42,34.25,24.05,76.85,6.63,101.91,28.83,21.4,21.81,0.76,203.01,5.248
Punjab,Cotton,Zaid,1053.89,39.6,48.67,31.02,56.85,6.23,103.59,33.56,21.39,7.87,7.78,213.69,3.33
Maharashtra,Maize,Rabi,843.64,21.5,26.69,13.92,46.34,6.8,82.36,42.83,16.99,13.61,12.34,406.42,4.911
Maharashtra,Maize,Kharif,529.45,30.63,40.29,22.71,74.33,6.2,79.65,16.56,42.06,7.47,10.22,964.0,4.897
Haryana,Barley,Kharif,693.33,31.32,39.76,25.71,64.47,7.28,94.06,20.26,25.23,7.28,7.91,616.63,4.086
Punjab,Barley,Kharif,1060.6,33.58,38.58,27.14,51.71,7.45,40.21,23.3,64.97,7.17,10.7,783.49,4.946
Maharashtra,Barley,Kharif,1082.7,25.7,32.7,19.29,66.03,7.44,37.46,23.18,15.53,14.72,12.98,821.91,4.477
Punjab,Barley,Rabi,975.4,22.28,29.13,14.77,76.12,7.63,88.39,31.59,17.24,13.7,10.08,904.19,4.453
Karnataka,Cotton,Kharif,578.87,19.92,29.74,12.77,70.83,7.09,36.14,19.59,28.53,23.35,0.73,741.17,2.957
Karnataka,Rice,Rabi,781.36,17.84,23.83,8.29,37.39,6.81,93.39,37.65,24.01,17.76,8.9,765.64,5.654
Karnataka,Rice,Rabi,712.56,25.94,33.4,20.14,86.16,6.22,40.91,18.24,70.19,17.7,11.61,550.36,5.022
Bihar,Maize,Kharif,926.77,29.51,34.54,20.13,61.59,6.94,73.46,58.0,34.6,13.27,14.39,401.34,5.965
Bihar,Barley,Kharif,707.61,20.84,26.07,12.05,73.85,6.68,89.23,57.36,34.6,2.14,2.09,1057.22,5.838
Maharashtra,Rice,Rabi,913.64,27.36,35.37,21.37,77.27,6.75,89.06,58.92,27.36,22.91,7.12,863.22,5.796
Maharashtra,Barley,Rabi,776.88,27.31,34.62,21.33,74.06,6.4,44.1,51.42,41.0,7.21,6.43,1120.63,4.435
Haryana,Wheat,Kharif,373.18,24.01,28.46,19.94,63.85,6.67,39.64,28.89,60.86,1.28,3.53,1195.89,5.296
Karnataka,Maize,Rabi,1274.93,27.57,31.98,18.67,63.9,6.93,20.14,27.41,57.31,13.91,8.62,357.35,5.226
Uttar Pradesh,Cotton,Kharif,909.92,31.34,38.44,25.28,71.54,7.0,58.2,13.99,77.53,3.69,12.06,213.94,3.595
Haryana,Maize,Rabi,489.4,24.64,31.88,15.88,48.21,7.21,53.61,12.26,74.35,15.0,9.66,640.51,5.132
Punjab,Wheat,Zaid,723.13,28.31,33.76,24.04,76.35,5.54,62.14,49.21,53.97,0.53,11.55,682.59,5.227
Maharashtra,Soybean,Zaid,900.07,27.88,34.5,22.18,64.93,5.25,51.11,31.71,15.76,10.34,7.32,666.02,3.174
Bihar,Wheat,Zaid,921.66,27.21,36.35,19.46,72.17,5.76,92.42,13.8,32.89,14.8,8.07,962.59,6.134
Karnataka,Soybean,Kharif,999.18,30.94,39.84,23.22,68.81,5.31,33.26,31.78,67.32,11.59,9.37,558.02,3.915
Punjab,Maize,Rabi,832.74,32.96,39.77,26.38,78.12,6.45,117.57,55.02,34.12,3.47,1.44,397.99,4.89
Bihar,Wheat,Zaid,586.2,26.36,35.37,20.09,52.21,6.79,116.78,47.1,39.16,6.06,14.9,476.17,5.031
Haryana,Barley,Zaid,1272.11,31.98,40.83,24.95,70.9,5.46,77.98,48.99,73.67,21.12,6.96,1033.99,5.358
Bihar,Rice,Rabi,946.59,17.66,25.81,11.81,54.67,7.38,78.55,51.88,16.51,6.39,8.64,306.1,6.379
Uttar Pradesh,Soybean,Rabi,889.69,32.26,36.46,27.56,67.89,7.19,74.58,25.61,41.74,14.43,9.48,467.9,4.018
Karnataka,Rice,Rabi,1138.17,19.84,27.99,12.94,54.0,6.41,43.63,56.7,37.45,15.31,8.63,1053.35,6.86
Bihar,Cotton,Rabi,842.9,27.49,36.66,21.94,50.68,7.31,113.43,49.1,36.77,20.43,3.77,815.57,4.259
Punjab,Maize,Zaid,518.97,25.19,31.32,16.49,75.84,5.95,97.29,36.93,27.2,4.78,4.87,503.01,4.784
Bihar,Cotton,Rabi,793.32,24.26,34.1,18.26,44.56,5.98,84.75,59.56,67.54,6.13,4.23,462.43,3.919
Karnataka,Cotton,Kharif,556.96,38.29,44.74,32.22,85.18,6.87,64.1,35.3,38.15,18.99,7.8,709.21,2.741
Punjab,Cotton,Kharif,960.41,30.09,35.54,23.93,77.63,6.38,38.72,58.94,19.02,24.36,1.5,517.51,3.656
Maharashtra,Rice,Kharif,1049.65,19.56,29.45,14.1,86.48,6.1,66.32,55.92,16.1,18.27,4.28,419.06,5.718
Uttar Pradesh,Barley,Rabi,1107.19,28.76,32.79,20.33,87.77,6.76,41.36,48.1,19.61,16.25,10.48,423.26,3.826
Karnataka,Barley,Rabi,779.55,29.47,33.88,23.4,64.19,6.0,96.79,19.5,24.3,6.16,13.2,880.93,4.409
Haryana,Cotton,Kharif,712.55,27.12,33.51,18.6,72.79,6.2,52.87,37.29,41.54,19.16,8.29,411.86,4.197
Uttar Pradesh,Barley,Zaid,1078.36,24.67,33.6,19.97,73.23,6.69,28.95,44.21,39.69,20.63,3.15,284.42,5.041
Bihar,Wheat,Zaid,1238.64,25.21,30.45,20.27,88.2,6.95,108.82,11.0,72.21,1.51,12.49,625.75,5.865
Uttar Pradesh,Rice,Zaid,861.49,26.04,35.93,17.05,90.29,6.24,89.66,25.8,50.52,6.32,10.11,542.13,5.765
Bihar,Rice,Zaid,640.71,21.71,26.48,13.3,79.35,5.37,97.91,23.62,33.5,2.01,5.14,797.45,5.585
Bihar,Barley,Zaid,1031.52,27.61,33.96,21.31,69.92,7.72,41.53,17.48,26.31,16.55,14.94,851.11,4.505
Karnataka,Soybean,Zaid,891.08,36.55,40.95,31.93,48.08,6.35,112.9,16.64,64.94,6.25,5.48,1098.99,4.198
Maharashtra,Cotton,Zaid,319.52,26.42,31.37,16.9,73.68,6.64,22.51,57.67,45.8,19.77,3.69,437.07,2.596
Bihar,Barley,Kharif,767.76,13.67,20.98,9.43,64.3,6.03,20.48,41.9,18.31,18.14,12.12,1038.79,3.667
Punjab,Wheat,Rabi,705.07,19.73,27.98,15.59,73.48,6.49,85.01,27.16,43.78,14.89,13.89,871.97,5.154
Bihar,Rice,Rabi,1042.77,26.51,31.15,19.82,60.82,6.22,101.13,38.37,30.12,13.64,11.16,702.95,6.18
Karnataka,Rice,Rabi,692.83,16.01,21.26,11.82,83.48,5.72,84.27,33.45,78.39,9.58,6.39,791.11,6.189
Karnataka,Cotton,Rabi,1003.68,20.9,25.79,14.36,65.97,7.16,115.52,44.43,79.17,6.54,3.53,506.53,4.728
Punjab,Rice,Kharif,783.08,30.78,38.66,21.44,67.4,5.98,28.84,21.07,35.09,14.69,8.55,843.07,5.442
Haryana,Rice,Rabi,658.54,28.68,33.16,22.62,70.15,6.08,48.38,22.16,73.51,22.4,8.88,935.04,6.438
Bihar,Cotton,Rabi,716.92,28.36,32.74,20.08,64.61,6.48,74.72,44.82,25.35,8.21,10.88,352.0,4.127
Maharashtra,Cotton,Rabi,1277.22,23.16,32.89,13.72,76.84,6.77,99.31,16.1,52.53,21.34,7.85,1123.79,4.688
Punjab,Cotton,Zaid,906.37,25.52,34.88,20.56,75.98,6.71,61.0,40.25,51.4,24.34,2.55,1148.44,3.83
Bihar,Barley,Zaid,264.03,27.36,36.4,18.64,63.89,5.75,31.53,17.64,60.91,23.94,9.69,302.38,3.119
Uttar Pradesh,Cotton,Kharif,953.3,25.83,34.18,21.07,69.82,6.59,28.02,37.79,46.21,16.88,3.68,556.63,3.706
Punjab,Barley,Rabi,1044.34,27.23,31.87,23.0,83.45,7.48,73.37,22.75,15.5,18.89,10.99,1172.54,4.667
Karnataka,Wheat,Kharif,1038.96,31.31,37.12,26.79,46.0,6.51,83.69,29.28,64.97,15.97,11.98,710.91,6.044
Haryana,Soybean,Rabi,1346.17,22.82,32.19,13.14,61.5,7.33,49.02,42.47,26.97,10.83,13.84,1010.91,4.761
Uttar Pradesh,Barley,Kharif,794.68,31.66,41.1,24.71,53.84,7.41,27.42,29.81,29.97,4.53,8.24,919.69,4.671
Uttar Pradesh,Maize,Kharif,728.28,27.86,37.6,18.29,47.39,6.37,37.43,46.35,69.96,20.67,9.83,1029.87,5.496
Haryana,Rice,Rabi,618.01,22.83,27.39,15.59,55.37,6.74,65.03,45.0,24.61,21.27,7.43,758.78,5.96
Karnataka,Wheat,Kharif,632.72,32.41,41.25,26.57,57.91,7.47,47.23,25.57,38.3,8.26,12.73,761.15,5.5
Bihar,Cotton,Kharif,612.08,17.64,23.93,9.55,83.23,5.36,39.37,30.98,30.73,17.08,8.01,1026.98,2.144
Maharashtra,Cotton,Rabi,828.14,24.66,29.56,15.65,53.27,7.33,90.26,54.3,64.48,20.7,5.15,1173.14,4.311
Maharashtra,Rice,Zaid,636.77,29.6,38.62,20.07,63.59,7.78,45.11,36.25,40.82,22.2,8.73,592.07,4.559
Bihar,Barley,Zaid,612.77,29.71,36.71,22.92,53.62,6.18,46.83,34.63,43.67,11.94,8.72,883.3,4.075
Maharashtra,Maize,Kharif,761.91,27.49,31.93,17.89,69.15,5.0,102.82,16.04,21.66,24.44,4.19,738.67,4.415
Karnataka,Soybean,Rabi,417.01,29.69,33.97,22.12,59.81,6.71,96.21,41.34,15.62,23.79,6.96,432.38,4.011
Uttar Pradesh,Rice,Rabi,688.7,23.23,31.1,18.43,53.02,5.61,71.43,59.79,33.43,1.93,0.92,520.55,6.37
Punjab,Rice,Kharif,1085.67,24.27,33.05,16.23,68.45,5.51,69.42,30.09,34.93,2.94,8.65,672.52,6.478
Karnataka,Cotton,Kharif,863.95,28.34,33.31,23.32,63.9,6.74,48.5,59.04,45.93,15.35,9.79,396.14,4.137
Maharashtra,Soybean,Rabi,952.14,14.31,21.96,9.66,65.6,5.9,64.93,40.6,16.75,17.77,12.82,724.14,3.953
Maharashtra,Barley,Rabi,844.33,30.11,39.31,24.11,69.89,6.33,45.1,42.12,36.23,23.81,3.25,923.94,4.338
Bihar,Wheat,Kharif,1032.98,30.6,35.22,23.79,47.25,6.58,107.9,49.97,35.34,5.28,5.18,895.94,6.404
Haryana,Cotton,Kharif,1027.76,23.11,29.89,16.1,61.67,7.32,104.94,44.9,76.82,6.81,2.83,267.3,4.243
Punjab,Soybean,Rabi,626.8,35.81,44.63,29.2,77.33,6.72,73.88,48.68,30.48,22.17,10.89,946.54,4.115
Maharashtra,Barley,Kharif,798.3,26.8,36.8,17.04,67.47,8.16,46.08,27.04,30.62,20.85,13.46,240.4,3.945
Maharashtra,Wheat,Rabi,906.12,22.08,31.06,12.48,70.37,5.58,87.64,39.59,68.24,12.09,8.44,474.67,6.166
Punjab,Cotton,Kharif,1486.95,26.23,31.67,21.08,80.06,6.02,57.74,52.29,68.64,3.22,8.73,505.61,4.478
Uttar Pradesh,Rice,Kharif,834.39,25.41,31.16,18.2,70.59,6.04,74.37,20.55,65.03,1.43,9.1,701.76,6.082
Uttar Pradesh,Wheat,Kharif,614.54,18.89,23.43,14.24,64.06,6.93,50.37,44.21,18.95,23.72,0.83,1049.14,5.565
Punjab,Wheat,Rabi,842.72,16.1,23.27,11.74,50.4,6.42,25.47,12.27,68.71,4.25,3.1,1144.12,4.838
Maharashtra,Wheat,Kharif,620.64,33.29,39.3,25.56,66.02,7.12,34.39,27.79,64.28,19.78,11.89,1174.57,4.539
Bihar,Cotton,Kharif,857.25,33.64,41.29,28.45,50.63,6.34,56.28,45.44,38.6,0.58,13.8,789.4,2.464
Haryana,Soybean,Kharif,991.54,16.59,26.24,11.01,69.47,6.47,68.33,28.46,36.75,24.81,10.95,455.78,3.732
Punjab,Wheat,Rabi,708.1,23.27,28.42,17.63,58.35,5.94,50.59,17.14,67.84,5.72,1.87,868.39,5.27
Bihar,Maize,Zaid,541.01,20.58,26.15,13.38,81.37,6.54,66.61,49.33,19.5,23.07,3.19,1036.58,3.997
Punjab,Cotton,Zaid,1102.61,24.44,33.45,16.1,65.96,7.2,43.21,42.39,31.96,20.81,10.72,586.09,3.642
Punjab,Soybean,Kharif,1112.62,27.31,32.67,19.24,54.79,7.01,118.78,54.55,20.66,11.78,13.67,420.26,4.585
Bihar,Wheat,Kharif,792.23,21.81,31.08,16.78,58.84,6.78,42.65,12.17,26.59,18.66,10.57,1091.73,4.783
Karnataka,Maize,Rabi,618.53,28.42,36.91,22.72,46.15,6.9,101.47,17.6,68.56,7.0,8.35,461.92,5.079
Karnataka,Wheat,Zaid,1033.84,23.67,31.28,17.78,56.09,6.42,28.95,27.5,20.85,0.67,1.24,792.21,5.069
Maharashtra,Wheat,Zaid,882.97,33.71,37.78,29.06,41.56,6.23,22.72,52.52,74.63,13.94,10.74,980.12,4.473
Maharashtra,Soybean,Zaid,665.71,27.57,33.13,23.54,51.73,5.34,26.33,33.46,76.34,3.09,4.47,1030.08,3.439
Punjab,Soybean,Zaid,619.61,26.7,32.82,18.97,67.58,6.07,58.65,43.73,48.12,18.11,11.04,231.05,3.621
Uttar Pradesh,Cotton,Kharif,934.72,17.66,23.51,8.22,63.95,6.71,111.19,40.03,23.96,15.84,12.02,537.84,3.8
Karnataka,Soybean,Rabi,1214.13,25.37,33.23,16.61,62.95,6.82,117.3,46.61,40.56,0.93,2.91,209.75,5.039
Karnataka,Cotton,Kharif,735.86,27.08,36.81,17.14,56.61,6.14,74.74,35.17,25.12,21.43,10.3,837.94,4.169
Maharashtra,Rice,Kharif,1005.59,22.21,29.96,13.98,89.27,5.82,98.88,56.48,45.97,19.9,5.13,903.23,6.548
Bihar,Barley,Rabi,972.19,23.25,28.14,14.4,72.11,6.8,67.59,13.76,59.76,12.33,12.97,408.63,4.618
Karnataka,Rice,Kharif,807.24,15.07,19.78,5.18,44.88,7.03,107.66,42.63,35.79,24.27,7.77,208.11,5.92
Bihar,Rice,Zaid,948.32,31.3,35.56,26.42,95.0,5.95,25.19,18.38,61.99,13.47,6.39,394.47,4.972
Maharashtra,Barley,Kharif,1060.62,27.17,34.38,21.12,41.21,5.72,31.64,53.63,48.13,8.39,0.74,797.85,4.93
Karnataka,Rice,Kharif,907.97,27.69,37.52,22.42,64.18,6.62,20.52,32.12,27.72,18.85,11.49,815.73,5.712
Karnataka,Soybean,Kharif,873.97,32.71,37.39,27.4,69.33,7.0,104.53,59.64,42.78,11.6,11.61,521.23,4.315
Uttar Pradesh,Soybean,Zaid,776.55,28.78,34.92,21.32,69.33,5.94,34.95,50.47,72.59,22.67,12.41,337.29,3.151
Karnataka,Maize,Rabi,1163.63,30.14,39.73,24.28,76.83,7.73,72.34,47.68,63.69,19.86,12.26,592.46,5.317
Karnataka,Cotton,Rabi,653.78,25.16,30.37,18.42,45.41,6.59,47.2,16.54,46.28,7.57,10.46,335.12,2.331
Haryana,Soybean,Kharif,1152.61,28.64,37.22,19.45,51.72,6.67,66.6,48.43,55.02,9.07,4.34,318.13,4.536
Maharashtra,Wheat,Rabi,620.87,30.21,37.75,23.06,70.6,7.45,62.29,34.71,30.17,1.34,4.76,1036.36,4.677
Bihar,Rice,Kharif,1094.63,27.55,32.33,23.42,68.51,6.98,101.4,37.02,36.68,20.27,3.33,339.85,6.664
Bihar,Cotton,Rabi,903.09,34.2,39.06,27.89,57.85,6.8,71.31,16.1,78.6,10.18,5.13,319.99,3.369
Punjab,Wheat,Rabi,649.5,28.64,35.81,22.03,57.85,7.62,105.93,59.19,38.11,17.6,13.05,226.94,4.98
Maharashtra,Cotton,Kharif,637.86,20.86,26.31,12.16,41.19,5.64,76.28,57.85,71.63,15.83,3.38,547.22,3.779
Karnataka,Barley,Zaid,779.95,17.58,27.37,7.78,69.56,6.55,63.84,25.67,25.03,1.27,1.11,891.57,4.652
Punjab,Soybean,Kharif,613.59,29.37,39.01,22.93,62.51,5.34,90.83,46.15,55.03,24.45,4.85,982.99,4.141
Punjab,Barley,Kharif,664.5,21.16,30.69,12.69,58.08,6.76,40.96,13.87,43.06,14.76,10.36,1015.42,4.18
Uttar Pradesh,Soybean,Rabi,1404.74,23.34,29.42,15.63,66.59,6.33,35.59,12.49,22.24,12.63,9.77,770.52,3.78
Punjab,Barley,Kharif,906.74,23.32,31.54,14.85,57.91,5.85,84.45,25.97,15.92,15.97,6.75,347.03,4.639
Bihar,Wheat,Rabi,601.22,23.68,33.09,15.55,80.38,7.76,85.33,23.85,55.93,3.85,10.76,1103.0,5.446
Haryana,Wheat,Zaid,445.9,24.89,29.42,15.41,60.72,7.68,99.34,21.23,16.98,5.59,7.52,257.77,4.51
Bihar,Maize,Rabi,595.22,30.29,35.53,25.76,59.3,7.42,65.98,59.61,35.57,12.09,9.7,289.07,4.925
Maharashtra,Soybean,Rabi,669.54,29.83,37.68,20.21,67.15,6.47,116.96,49.54,16.82,3.36,3.66,283.5,4.445
Maharashtra,Rice,Rabi,961.46,27.31,32.59,17.49,65.98,6.18,28.09,43.76,47.16,15.79,12.82,881.38,6.632
Karnataka,Maize,Zaid,869.59,33.73,40.33,26.48,62.0,8.06,59.25,37.88,40.67,22.59,5.91,930.93,4.091
Maharashtra,Soybean,Rabi,1029.42,23.1,31.66,13.4,77.75,6.89,107.62,48.12,69.29,18.39,7.93,752.42,5.18
Punjab,Wheat,Rabi,1162.57,25.56,31.68,20.67,63.48,6.6,56.98,11.66,36.43,9.48,3.9,486.32,5.869
Uttar Pradesh,Rice,Rabi,310.42,38.23,44.1,33.77,44.12,6.36,40.54,39.35,38.32,13.84,9.78,1038.94,4.727
Maharashtra,Rice,Kharif,1077.37,22.46,29.17,17.15,65.2,6.9,101.62,17.39,51.65,24.61,4.4,930.81,6.789
Bihar,Cotton,Zaid,848.45,27.55,37.4,19.52,75.16,6.29,109.81,34.36,25.14,6.84,14.18,361.1,3.906
Uttar Pradesh,Barley,Kharif,800.38,26.98,31.26,22.11,58.92,6.31,37.85,47.18,15.96,7.96,8.69,943.7,4.537
Bihar,Wheat,Kharif,809.77,25.99,30.22,21.4,60.1,5.9,99.94,59.25,69.88,10.49,13.2,633.75,6.377
Punjab,Maize,Rabi,773.02,25.26,34.39,18.47,77.99,6.84,39.47,25.67,71.89,24.75,4.33,365.36,5.386
Uttar Pradesh,Barley,Kharif,756.64,22.78,27.05,18.29,60.8,5.92,41.92,20.37,30.66,2.06,1.22,919.99,4.422
Uttar Pradesh,Wheat,Rabi,949.13,29.7,38.89,24.24,71.66,6.63,38.69,13.63,59.47,10.59,11.67,332.67,4.979
Punjab,Cotton,Rabi,1151.91,34.46,38.79,28.19,74.58,6.85,90.57,17.41,19.89,9.72,3.99,505.69,3.241
Punjab,Wheat,Rabi,866.69,22.84,28.43,17.42,59.9,6.51,35.1,52.59,39.89,5.01,11.39,857.17,5.904
Bihar,Cotton,Zaid,545.8,28.49,35.39,23.78,51.76,6.34,20.38,53.8,50.06,4.21,12.91,736.9,2.658
Bihar,Barley,Rabi,601.45,29.06,38.34,20.89,55.58,5.75,23.2,48.55,65.19,9.07,6.44,945.49,4.044
Bihar,Wheat,Rabi,369.7,27.61,34.41,18.42,59.64,7.23,119.72,26.51,78.66,17.47,3.95,203.11,5.466
Maharashtra,Rice,Kharif,670.61,27.78,34.28,18.99,67.16,5.81,35.84,53.14,40.39,20.4,11.0,1077.84,5.604
Maharashtra,Rice,Rabi,934.32,24.16,31.29,16.52,64.21,6.68,65.4,39.8,57.94,9.35,7.81,595.1,6.285
Punjab,Cotton,Zaid,839.9,20.98,29.63,16.92,50.62,6.41,96.65,17.18,65.59,16.7,12.72,1190.24,3.669
Uttar Pradesh,Rice,Kharif,707.41,18.64,25.75,14.0,82.06,5.85,116.24,22.77,47.01,23.79,10.31,785.56,5.58
Haryana,Soybean,Kharif,531.92,23.24,28.58,16.93,75.87,7.01,63.04,59.0,45.04,9.05,6.12,1074.62,4.238
Haryana,Wheat,Kharif,456.89,21.87,30.45,13.43,74.79,6.21,95.37,22.45,23.61,24.58,0.9,231.64,4.533
Maharashtra,Soybean,Zaid,423.49,24.02,32.42,16.14,50.14,5.71,79.44,11.77,64.28,7.25,12.51,883.67,3.271
Uttar Pradesh,Barley,Zaid,1087.93,25.66,32.79,17.0,86.98,6.54,99.36,21.01,20.36,6.54,13.6,744.04,4.254
Uttar Pradesh,Rice,Zaid,453.8,32.01,36.74,25.29,60.95,6.37,103.9,56.25,27.74,12.82,1.21,439.91,5.363
Maharashtra,Wheat,Rabi,1005.82,20.93,25.29,11.3,72.26,6.79,83.76,12.17,40.59,6.83,12.08,425.46,4.946
Punjab,Wheat,Kharif,779.51,20.29,29.09,14.99,47.35,6.01,87.71,50.86,32.73,21.87,13.78,979.19,5.446
Punjab,Barley,Zaid,989.7,26.1,35.51,21.87,63.89,6.14,104.82,48.9,46.52,2.24,13.69,963.5,5.742
Haryana,Maize,Zaid,1554.51,13.71,21.71,4.43,62.83,6.83,46.7,52.37,47.62,14.33,8.35,209.59,5.35
Karnataka,Rice,Rabi,929.09,29.81,34.95,23.37,67.18,5.35,76.02,45.11,42.03,15.23,13.31,412.81,5.812
Haryana,Cotton,Kharif,767.05,18.92,28.78,10.67,58.09,6.55,86.67,43.79,49.05,13.41,6.54,549.92,3.804
Uttar Pradesh,Soybean,Zaid,1005.61,33.46,42.61,27.64,51.77,6.93,116.94,56.61,22.22,7.57,11.52,1006.24,4.542
Bihar,Wheat,Kharif,745.69,23.55,31.49,18.74,51.18,5.36,62.97,28.61,74.45,14.05,13.39,612.44,5.899
Bihar,Cotton,Zaid,1116.03,25.19,34.69,18.66,59.57,6.02,30.22,40.58,66.22,19.78,6.91,243.96,4.691
Punjab,Rice,Zaid,530.19,27.18,31.87,18.26,59.56,5.78,112.4,50.04,62.31,24.24,5.21,1115.64,5.88
Maharashtra,Rice,Rabi,743.0,18.42,26.85,11.57,47.33,6.67,33.47,20.0,26.74,23.82,11.71,729.2,5.255
Uttar Pradesh,Barley,Rabi,758.37,30.16,35.74,20.92,73.23,7.33,62.01,47.15,76.8,10.58,1.14,861.43,4.953
Punjab,Rice,Kharif,905.58,36.33,41.1,29.69,58.38,6.78,47.61,30.05,60.99,20.76,5.56,831.08,6.353
Uttar Pradesh,Maize,Kharif,953.98,26.68,32.59,19.25,69.89,7.3,64.61,53.92,65.2,8.28,4.88,1187.34,5.914
Uttar Pradesh,Wheat,Rabi,703.67,28.31,34.07,19.25,56.9,6.41,91.42,53.71,72.13,11.74,4.25,1156.28,5.942
Karnataka,Rice,Kharif,773.61,20.05,27.47,10.39,66.02,6.06,110.57,49.62,54.52,22.08,8.55,407.2,6.439
Karnataka,Rice,Kharif,712.78,25.59,31.6,16.99,63.72,6.84,107.86,35.83,15.83,17.48,1.42,681.1,6.386
Karnataka,Rice,Kharif,635.59,25.82,33.64,20.65,74.7,5.57,71.56,49.53,64.63,8.33,12.67,1162.1,6.55
Karnataka,Barley,Rabi,1339.08,19.61,26.43,14.43,75.35,6.32,20.52,31.97,19.97,14.28,8.05,337.26,3.575
Karnataka,Maize,Kharif,1002.83,30.43,38.21,24.19,68.46,6.1,52.49,26.64,76.97,4.53,4.42,1032.4,5.435
Maharashtra,Cotton,Zaid,711.67,22.62,31.47,15.06,87.69,5.97,64.38,46.77,20.25,12.92,1.0,972.25,3.947
Maharashtra,Maize,Zaid,565.86,19.28,26.38,13.25,82.59,5.52,54.52,50.59,30.97,20.62,12.99,866.33,4.648
Karnataka,Maize,Zaid,718.15,22.0,27.7,16.07,60.72,6.07,43.77,42.35,45.71,6.56,14.0,495.54,4.654
Bihar,Maize,Kharif,753.01,34.55,43.68,25.29,72.58,6.55,79.97,52.27,33.0,15.45,1.55,209.45,5.703
Maharashtra,Rice,Zaid,569.07,25.94,32.24,20.86,80.29,7.6,46.07,43.64,77.35,18.99,2.3,512.56,6.012
Haryana,Cotton,Kharif,1281.01,26.76,32.92,17.15,73.13,6.92,39.52,36.54,35.16,0.81,6.84,372.5,4.179
Uttar Pradesh,Soybean,Rabi,666.58,19.34,24.9,13.4,77.48,6.85,101.13,19.37,15.3,3.58,7.18,218.6,3.344
Uttar Pradesh,Rice,Kharif,655.79,33.34,38.72,27.57,61.16,6.45,77.07,37.33,75.93,1.35,2.79,582.11,5.372
Punjab,Wheat,Zaid,871.13,22.43,32.02,12.79,62.06,7.56,93.68,28.03,57.73,23.84,11.58,909.41,6.213
Maharashtra,Rice,Zaid,1280.48,19.81,26.9,14.82,77.62,7.21,46.54,16.34,55.3,3.38,5.51,1089.52,6.673
Bihar,Maize,Zaid,1070.85,29.02,37.57,22.9,51.53,6.41,102.21,34.69,69.74,4.98,9.69,313.19,5.701
Haryana,Soybean,Kharif,752.74,28.55,37.22,20.42,64.14,6.24,62.35,39.89,29.08,10.87,12.35,1126.26,3.565
Uttar Pradesh,Maize,Rabi,699.85,30.45,35.61,22.27,72.64,7.24,39.45,12.64,69.83,5.46,0.85,748.08,5.061
Uttar Pradesh,Wheat,Kharif,1097.29,23.97,29.91,16.43,55.16,6.06,87.0,44.13,46.62,7.93,5.05,703.99,6.539
Punjab,Maize,Zaid,1182.12,25.66,31.04,18.45,66.29,5.94,99.17,10.78,79.81,13.17,7.4,850.56,5.257
Punjab,Maize,Rabi,1177.04,35.52,42.53,26.5,70.85,6.36,65.02,26.24,74.7,20.9,13.65,835.22,5.134
Uttar Pradesh,Maize,Rabi,1151.18,19.56,23.73,10.65,80.07,6.16,34.7,32.62,34.49,21.75,3.3,617.08,5.16
Maharashtra,Soybean,Kharif,1132.87,31.19,40.68,24.76,92.25,6.26,69.52,11.99,15.28,15.32,2.89,759.78,3.311
Uttar Pradesh,Rice,Zaid,865.03,24.6,30.79,20.01,52.52,6.43,66.25,47.02,66.01,6.19,2.03,385.43,6.826
Maharashtra,Cotton,Kharif,709.14,24.18,30.87,19.66,93.47,5.88,67.3,58.43,71.66,13.11,14.14,1011.39,3.637
Uttar Pradesh,Maize,Rabi,834.6,28.13,35.25,19.31,60.08,6.06,84.19,41.42,72.69,11.46,3.26,403.09,5.174
Punjab,Wheat,Kharif,1081.05,18.95,25.13,12.74,66.4,6.94,91.52,51.12,38.41,12.21,5.17,623.16,6.494
Maharashtra,Rice,Zaid,1134.68,16.4,20.55,11.42,62.55,6.52,90.42,55.27,64.05,8.2,7.02,850.72,6.5
Punjab,Cotton,Zaid,1195.48,30.44,38.23,21.25,80.65,6.13,70.12,57.5,72.58,21.16,14.12,725.54,3.328
Karnataka,Maize,Kharif,872.53,24.92,33.47,18.35,58.6,6.5,83.63,32.73,70.46,19.57,7.31,779.87,5.219
Bihar,Rice,Zaid,975.24,25.76,35.38,19.35,57.14,6.65,36.72,46.64,17.98,3.29,14.14,717.62,5.759
Maharashtra,Rice,Kharif,605.57,26.51,32.6,20.18,55.79,6.49,112.14,29.61,71.85,24.83,5.42,227.28,6.239
Karnataka,Wheat,Zaid,1136.94,24.57,33.42,20.05,37.96,7.6,116.49,44.12,45.92,21.63,8.3,1111.33,6.257
Punjab,Wheat,Kharif,686.21,31.83,40.84,24.63,73.21,6.35,72.69,35.14,26.75,24.88,10.06,1054.82,5.092
Maharashtra,Maize,Rabi,955.21,17.95,27.72,12.45,93.94,6.11,70.26,42.76,65.92,19.06,13.67,669.92,4.998
Bihar,Wheat,Zaid,732.57,12.78,16.84,4.35,75.19,6.15,32.99,12.13,46.71,5.24,12.0,1150.03,4.289
Maharashtra,Wheat,Zaid,105.19,29.72,38.58,22.34,73.37,6.62,84.3,54.88,60.05,10.4,9.45,1012.96,4.922
Maharashtra,Barley,Kharif,408.28,24.33,33.78,19.31,36.44,7.43,118.09,32.42,62.67,18.37,11.7,989.4,4.563
Bihar,Maize,Kharif,933.76,23.26,29.04,14.5,57.88,5.27,59.89,47.23,15.77,22.71,10.53,786.6,5.421
Uttar Pradesh,Rice,Rabi,1367.74,26.17,31.93,19.89,69.1,7.16,91.22,27.11,68.38,11.86,9.62,1147.95,7.647
Haryana,Soybean,Kharif,587.65,29.77,38.93,21.5,78.04,6.35,43.92,24.56,58.61,6.2,1.78,1177.72,3.406
Haryana,Cotton,Kharif,517.13,28.08,32.29,22.25,82.92,6.01,63.56,46.84,62.82,19.83,13.82,698.63,3.94
Uttar Pradesh,Soybean,Kharif,1057.46,29.83,34.67,25.03,63.68,6.37,37.19,54.84,61.85,12.21,7.24,872.65,4.96
Bihar,Rice,Kharif,763.98,27.85,35.97,17.87,65.57,6.83,98.5,20.47,59.54,12.83,5.12,431.34,6.112
Karnataka,Wheat,Kharif,720.88,22.32,30.17,12.37,79.37,5.83,59.46,59.4,72.2,20.6,3.84,323.58,5.145
Haryana,Wheat,Rabi,493.95,26.86,31.97,21.5,66.59,5.77,42.18,24.71,67.01,24.27,9.92,642.58,4.349
Punjab,Cotton,Zaid,1192.21,16.46,24.69,11.53,64.14,6.3,46.46,27.2,35.44,24.83,3.16,1029.42,3.688
Bihar,Wheat,Zaid,1185.53,22.63,31.76,16.15,62.67,6.72,85.31,27.09,43.27,2.45,11.68,311.47,5.917
Uttar Pradesh,Wheat,Rabi,901.4,29.72,38.45,23.9,64.32,6.84,35.36,51.71,76.3,7.43,11.53,637.34,5.819
Maharashtra,Cotton,Zaid,919.23,20.24,26.04,12.01,77.18,6.52,83.18,48.06,61.63,23.59,2.06,740.66,4.092
Haryana,Barley,Zaid,726.52,26.95,33.08,18.86,84.43,6.71,73.3,58.77,63.52,5.32,12.16,715.86,5.293
Karnataka,Wheat,Kharif,1132.65,29.35,33.36,20.02,69.16,5.99,23.55,31.88,25.99,9.66,5.72,797.56,5.447
Karnataka,Wheat,Zaid,1030.03,30.94,36.6,22.59,78.92,5.96,87.51,50.87,79.67,1.86,7.71,1013.08,6.072
Karnataka,Rice,Rabi,911.44,21.36,27.76,12.62,77.56,6.53,101.81,50.46,53.38,10.7,2.03,1011.44,7.273
Maharashtra,Rice,Zaid,478.08,26.93,36.46,17.66,30.0,6.91,88.02,43.31,53.27,7.01,13.55,702.58,5.978
Haryana,Soybean,Zaid,736.26,21.48,26.86,14.37,74.97,6.74,31.97,27.87,41.39,10.39,11.01,683.36,3.608
Haryana,Soybean,Kharif,650.94,22.13,29.82,13.35,73.6,6.55,46.45,57.87,27.89,1.54,2.33,1197.51,3.962
Haryana,Maize,Rabi,843.72,26.96,32.76,22.83,72.8,5.99,56.18,42.67,62.19,14.2,0.7,222.42,5.156
Maharashtra,Rice,Kharif,1423.57,21.4,28.31,15.98,69.63,5.78,98.85,40.1,31.51,20.31,14.02,320.04,6.78
Karnataka,Maize,Rabi,744.48,23.95,28.12,18.18,69.5,7.21,107.24,27.72,40.54,7.05,6.61,997.51,5.735
Uttar Pradesh,Soybean,Rabi,638.25,32.85,38.72,26.8,56.55,6.05,52.85,56.53,19.84,6.39,3.66,435.07,3.153
Uttar Pradesh,Maize,Rabi,998.06,32.58,40.33,25.22,64.17,6.83,90.18,39.97,44.18,17.05,2.77,751.53,5.373
Karnataka,Wheat,Rabi,850.38,26.54,32.51,20.43,63.22,5.77,46.23,48.29,66.86,6.58,13.11,575.7,5.128
Maharashtra,Cotton,Kharif,1229.15,18.15,22.57,12.63,57.36,6.79,82.83,48.45,15.92,19.12,12.62,612.65,3.455
Karnataka,Barley,Kharif,1111.73,37.75,46.55,33.1,71.27,7.62,77.63,58.91,72.36,5.95,14.33,642.96,4.737
Haryana,Rice,Kharif,1054.46,21.34,28.01,13.9,56.1,7.05,31.52,39.11,53.1,0.53,14.14,1174.34,6.538
Haryana,Wheat,Zaid,643.93,30.81,38.95,23.45,77.67,6.78,92.64,17.75,29.02,6.31,6.54,959.56,5.569
Maharashtra,Barley,Zaid,1021.27,28.54,35.4,18.9,67.38,6.42,24.22,27.26,57.82,19.51,9.09,1069.22,4.848
Karnataka,Maize,Rabi,1283.62,30.69,38.63,24.33,69.83,6.91,20.03,33.07,69.0,19.28,14.91,869.41,4.326
Uttar Pradesh,Maize,Zaid,1103.89,26.39,33.29,18.68,70.76,6.43,35.77,30.67,73.05,5.1,1.53,976.92,5.91
Uttar Pradesh,Wheat,Rabi,634.94,24.65,33.63,19.51,70.25,6.23,93.83,14.35,74.69,13.44,5.75,598.94,5.461
Punjab,Maize,Zaid,1005.5,25.05,32.03,17.05,78.6,7.39,31.61,31.58,58.38,18.71,5.21,1128.44,5.139
Maharashtra,Barley,Zaid,952.43,28.87,38.28,19.9,69.11,6.25,94.64,20.02,50.01,15.59,11.71,695.15,4.679
Bihar,Cotton,Rabi,669.64,25.66,33.92,19.48,54.99,5.76,57.23,33.27,59.72,10.2,6.66,900.91,3.906
Punjab,Soybean,Kharif,1018.48,22.83,31.74,16.7,47.54,6.29,23.31,49.88,58.87,19.94,11.42,580.98,4.374
Bihar,Cotton,Zaid,1096.0,23.04,31.96,16.11,82.75,6.78,118.88,45.8,65.36,22.84,3.44,1168.4,4.991
Bihar,Maize,Zaid,962.35,30.47,36.56,26.09,52.85,6.75,110.2,12.08,16.08,15.01,10.65,808.24,4.768
Haryana,Rice,Rabi,656.46,27.01,34.71,19.55,58.31,5.45,35.72,16.46,68.42,21.5,3.89,657.07,4.918
Karnataka,Maize,Kharif,827.9,20.53,29.09,14.76,72.25,7.15,51.13,22.69,68.52,17.11,11.22,513.06,4.066
Uttar Pradesh,Barley,Zaid,693.77,26.58,33.17,18.15,86.86,7.43,45.53,51.98,25.13,18.62,8.64,861.46,5.0
Punjab,Wheat,Kharif,747.36,26.96,35.78,22.63,59.23,6.97,114.14,29.13,79.0,14.13,14.85,831.89,5.143
Uttar Pradesh,Wheat,Rabi,717.09,21.23,28.1,12.0,42.68,7.06,103.86,31.57,20.39,4.11,1.46,876.59,5.519
Maharashtra,Soybean,Kharif,531.14,25.76,32.67,17.36,49.45,6.55,37.77,11.07,38.55,1.93,2.92,939.0,3.386
Punjab,Maize,Zaid,903.63,23.83,33.24,18.9,42.25,7.18,76.36,23.09,44.76,5.36,10.91,903.59,5.636
Karnataka,Cotton,Kharif,477.52,29.98,39.73,24.74,65.35,6.3,51.94,25.44,73.29,2.94,2.78,610.96,3.475
Maharashtra,Barley,Rabi,901.2,29.19,35.86,20.83,45.0,6.0,90.85,45.07,64.85,14.59,0.71,855.87,4.696
Haryana,Rice,Rabi,1043.92,23.9,29.2,18.86,60.31,6.32,119.79,35.57,37.39,18.15,7.31,229.5,6.217
Haryana,Rice,Rabi,1282.14,30.24,37.14,25.08,69.85,5.93,42.77,30.86,19.75,17.34,8.31,1013.79,6.115
Uttar Pradesh,Cotton,Zaid,548.82,30.78,37.03,22.39,55.31,6.53,53.01,35.49,29.11,15.7,6.34,428.13,3.026
Bihar,Rice,Kharif,1068.66,30.64,35.78,23.67,70.54,5.51,42.48,19.27,29.1,7.79,9.81,409.63,5.588
Bihar,Rice,Rabi,719.06,24.84,31.11,17.76,53.91,6.92,59.36,30.77,31.31,11.33,8.72,784.96,5.932
Punjab,Rice,Zaid,1170.93,26.34,33.07,18.4,53.01,7.14,27.89,41.66,49.74,0.64,3.5,261.4,6.361
Maharashtra,Cotton,Kharif,996.31,33.76,39.12,26.79,66.94,5.92,49.87,51.7,52.31,18.38,14.56,1197.51,3.669
Punjab,Barley,Zaid,1374.71,24.35,31.78,17.82,52.98,6.3,114.47,51.88,40.59,14.49,8.71,710.72,6.445
Maharashtra,Maize,Zaid,701.71,27.0,36.91,18.13,70.64,6.08,111.42,56.75,55.53,4.19,2.71,672.31,5.23
Karnataka,Soybean,Kharif,778.56,24.74,29.96,19.94,83.59,5.99,113.14,53.43,44.33,14.72,12.78,1071.37,4.875
Maharashtra,Soybean,Zaid,1114.38,32.79,41.45,22.88,54.22,6.96,78.66,54.07,61.53,6.17,12.96,864.24,4.454
Bihar,Cotton,Rabi,834.52,29.97,36.7,20.08,56.18,6.33,50.49,12.24,79.61,7.94,1.67,1060.5,3.989
Uttar Pradesh,Barley,Rabi,1304.46,22.46,30.6,14.19,48.66,6.85,56.92,12.5,35.25,22.78,4.85,423.06,5.197
Maharashtra,Barley,Kharif,766.3,25.63,32.45,19.32,61.51,6.03,43.24,33.52,39.19,20.11,4.8,624.52,3.437
Punjab,Maize,Kharif,591.11,23.84,31.31,17.09,65.95,6.71,92.21,20.93,43.22,13.47,2.02,787.42,4.522
Punjab,Soybean,Rabi,1392.66,21.09,30.46,14.14,72.83,6.98,89.94,47.72,58.77,10.79,3.0,989.54,5.828
Haryana,Wheat,Rabi,906.49,25.2,32.87,20.56,64.93,5.14,116.99,35.39,18.51,2.17,7.28,857.66,5.555
Punjab,Barley,Kharif,1342.86,24.78,31.41,16.37,65.06,6.78,31.15,27.38,74.31,17.31,0.83,334.48,5.066
Haryana,Rice,Zaid,1351.81,25.12,34.7,16.28,95.0,6.58,62.84,39.38,39.36,5.65,10.17,877.56,7.354
Maharashtra,Soybean,Rabi,950.38,33.68,42.48,26.13,67.96,7.04,97.76,32.92,26.27,22.85,10.06,1109.47,4.247
Punjab,Rice,Rabi,898.95,23.17,32.75,14.19,63.56,5.91,23.33,27.56,78.79,18.66,8.11,1062.3,5.78
Bihar,Wheat,Kharif,596.63,26.88,35.11,22.38,62.01,7.0,41.21,41.4,43.21,2.08,12.42,466.12,4.977
Haryana,Cotton,Rabi,442.14,20.52,25.75,13.9,54.84,6.49,50.01,36.82,60.14,8.18,6.36,421.23,3.385
Uttar Pradesh,Wheat,Zaid,1137.21,27.37,33.16,19.69,55.51,6.93,83.23,42.14,15.85,8.81,4.04,1029.12,6.077
Bihar,Soybean,Kharif,788.49,22.6,28.93,16.91,39.62,5.57,119.26,40.91,46.9,3.76,14.81,884.99,4.504
Maharashtra,Cotton,Zaid,1001.54,32.05,40.44,24.15,95.0,5.29,114.87,23.28,43.72,22.42,6.39,1154.82,3.758
Punjab,Maize,Zaid,1036.81,31.47,35.62,26.09,66.02,5.59,23.4,27.65,29.19,3.76,2.78,1026.27,5.051
Uttar Pradesh,Cotton,Zaid,673.94,28.65,35.31,22.36,55.13,6.61,50.98,19.72,68.44,4.55,12.08,787.15,3.455
Punjab,Maize,Kharif,1082.1,15.97,21.88,6.32,75.06,5.07,73.21,58.82,46.52,20.1,7.35,1050.0,5.058
Uttar Pradesh,Maize,Rabi,262.14,24.37,34.11,17.02,76.66,6.56,86.0,37.91,59.34,9.05,6.6,395.59,4.959
Uttar Pradesh,Wheat,Rabi,690.17,23.89,30.01,14.13,61.73,6.08,82.31,22.32,40.4,21.54,7.6,908.98,5.444
Maharashtra,Soybean,Zaid,673.93,23.93,29.88,18.9,70.2,6.51,103.57,32.78,33.96,19.5,12.0,562.16,3.8
Uttar Pradesh,Rice,Rabi,921.7,26.71,36.68,19.03,55.41,6.75,58.91,53.66,69.41,21.86,4.57,817.62,6.613
Haryana,Rice,Kharif,790.19,32.74,39.85,27.35,74.4,6.67,56.29,52.46,71.15,6.88,10.73,1138.42,5.272
Uttar Pradesh,Soybean,Kharif,776.49,31.14,35.32,26.42,58.12,5.92,115.8,30.75,68.41,1.37,12.69,1059.06,3.682
Haryana,Cotton,Zaid,724.38,27.99,35.57,21.37,61.46,7.34,61.68,34.84,21.4,20.36,12.7,555.64,3.485
Maharashtra,Cotton,Kharif,608.36,26.27,32.87,21.61,67.78,5.68,40.31,27.39,77.21,14.74,12.22,303.88,3.257
Bihar,Rice,Kharif,758.08,33.33,40.86,27.72,39.17,6.93,40.23,35.91,15.13,6.19,2.71,545.51,5.839
Uttar Pradesh,Cotton,Zaid,1177.45,34.62,39.65,26.17,75.11,6.34,46.57,47.48,48.76,4.88,6.33,714.35,3.328
Maharashtra,Wheat,Kharif,906.25,31.59,36.91,22.31,56.4,6.52,78.84,44.83,31.36,15.85,7.21,682.08,5.82
Uttar Pradesh,Rice,Rabi,1031.8,30.4,37.31,22.42,63.19,6.88,66.8,25.11,19.05,13.0,0.64,589.83,5.483
Karnataka,Soybean,Rabi,980.76,15.78,25.63,6.07,73.52,6.68,49.7,13.55,70.03,22.44,9.27,1090.99,3.501
Maharashtra,Barley,Rabi,724.47,31.45,37.58,26.68,57.62,6.95,74.3,60.0,40.12,23.58,9.64,936.42,4.636
Uttar Pradesh,Wheat,Kharif,778.5,16.41,23.65,12.14,56.27,6.35,26.41,19.01,64.17,6.24,9.6,741.86,5.204
Bihar,Maize,Kharif,867.83,31.07,37.39,26.79,82.73,6.21,69.23,32.1,57.55,7.96,13.44,621.25,4.556
Bihar,Maize,Rabi,624.82,24.31,29.24,16.02,72.9,6.36,28.2,18.2,40.75,11.48,5.96,702.74,4.682
Bihar,Barley,Rabi,950.37,21.07,28.69,16.12,52.78,6.86,78.15,53.14,39.25,2.94,13.43,564.98,4.915
Haryana,Cotton,Zaid,701.97,27.51,36.57,19.19,65.98,6.64,104.78,12.91,53.49,1.56,4.97,962.42,3.471
Bihar,Barley,Zaid,1047.56,25.85,31.32,19.62,59.24,6.35,36.25,19.45,26.24,19.0,4.88,366.71,4.07
Haryana,Maize,Rabi,1176.65,30.71,36.71,25.66,37.35,6.05,110.11,44.85,45.12,14.24,4.18,603.69,5.592
Maharashtra,Barley,Zaid,1000.87,25.12,29.69,19.91,40.05,5.97,42.62,55.03,36.28,9.2,1.95,265.98,5.361
Punjab,Soybean,Zaid,1239.31,21.55,26.62,13.66,75.56,6.65,90.56,42.96,53.03,17.46,7.88,1126.92,5.261
Uttar Pradesh,Barley,Rabi,772.88,19.06,28.93,11.13,74.5,6.16,93.39,36.13,65.22,1.38,14.03,1023.15,4.789
Punjab,Cotton,Zaid,726.46,26.18,31.72,18.14,64.87,6.83,58.88,58.46,71.07,17.29,6.26,883.83,3.996
Bihar,Soybean,Kharif,634.63,33.66,43.23,24.53,73.23,6.86,21.72,41.99,67.9,12.76,0.84,344.83,2.879
Karnataka,Cotton,Kharif,1127.78,30.72,37.73,21.5,58.07,6.45,77.8,56.47,22.53,4.33,8.72,540.0,4.145
Haryana,Barley,Zaid,628.43,25.08,32.04,19.54,69.66,6.18,23.85,28.76,75.82,9.88,1.02,301.44,4.514
Uttar Pradesh,Wheat,Rabi,490.3,21.18,28.56,13.06,58.49,7.06,76.2,12.49,29.54,23.01,13.26,522.48,4.286
Punjab,Maize,Rabi,629.36,19.2,26.0,14.34,61.37,6.34,84.56,14.47,69.27,24.19,3.54,832.78,5.102
Karnataka,Barley,Kharif,1057.82,25.46,31.08,18.63,31.59,6.54,98.7,40.89,39.07,10.83,5.89,647.9,5.256
Punjab,Soybean,Kharif,732.99,29.33,37.6,19.75,78.85,6.38,27.26,32.11,36.52,14.23,7.04,390.19,3.17
Punjab,Soybean,Kharif,947.47,26.58,31.25,22.18,62.12,5.49,85.88,50.78,47.5,3.76,9.41,271.61,4.255
Uttar Pradesh,Maize,Zaid,878.71,27.38,34.78,22.51,66.21,7.55,109.38,51.47,32.93,6.75,6.27,1004.48,5.618
Haryana,Maize,Zaid,802.37,29.66,34.0,21.09,71.49,6.34,44.89,36.59,50.43,10.64,14.48,249.26,4.666
Haryana,Wheat,Zaid,1101.4,23.4,28.34,18.84,60.55,5.97,113.91,38.16,22.68,11.69,6.56,431.07,6.028
Maharashtra,Rice,Rabi,1258.09,38.35,44.72,34.28,58.37,5.8,86.08,18.02,71.3,16.73,2.73,487.61,5.825
Karnataka,Wheat,Rabi,937.65,29.9,38.65,21.14,72.3,5.68,89.4,26.07,72.13,4.03,4.19,1192.69,5.364
Karnataka,Rice,Zaid,1136.99,31.12,39.08,26.94,59.72,6.24,109.4,58.42,78.31,20.07,4.7,245.35,6.73
Maharashtra,Wheat,Kharif,1316.37,27.35,33.59,21.08,63.11,5.82,45.53,43.83,51.59,3.05,7.28,1118.7,5.737
Maharashtra,Cotton,Zaid,938.06,23.96,33.81,18.1,61.75,6.19,45.94,48.63,79.23,23.87,9.28,351.74,3.243
Haryana,Barley,Kharif,836.67,15.18,23.91,10.1,62.69,6.36,46.49,50.74,26.94,5.89,14.65,1112.36,3.889
Haryana,Cotton,Zaid,828.86,30.7,35.83,20.87,60.83,7.3,25.1,37.19,19.61,2.01,3.84,1125.6,3.266
Punjab,Rice,Rabi,1074.52,22.5,29.27,14.4,52.76,5.83,119.66,34.42,17.13,6.11,3.35,500.54,6.671
Uttar Pradesh,Rice,Zaid,810.09,23.95,33.78,19.65,68.86,6.7,74.63,34.14,70.47,4.39,8.82,1131.93,6.003
Punjab,Barley,Rabi,1200.39,28.62,36.06,21.08,68.19,6.6,20.3,51.66,36.43,18.0,4.33,960.22,5.228
Punjab,Wheat,Rabi,886.2,23.25,28.97,17.2,72.11,6.13,23.06,48.46,55.64,6.64,14.44,1098.43,5.274
Maharashtra,Cotton,Rabi,961.17,23.15,32.49,14.7,61.31,6.52,90.34,10.48,49.08,17.13,11.43,651.08,4.215
Punjab,Rice,Kharif,1237.81,24.56,30.6,18.49,45.67,5.71,63.63,34.52,63.92,3.98,5.59,200.14,6.473
Maharashtra,Maize,Rabi,696.91,28.4,33.66,23.55,66.88,7.39,90.49,54.09,53.25,4.92,10.84,947.81,5.475
Karnataka,Barley,Kharif,1174.13,20.61,28.64,15.12,39.35,6.57,81.46,52.61,54.97,18.29,4.74,787.42,6.171
Maharashtra,Cotton,Rabi,783.76,28.16,34.66,20.13,88.4,5.66,78.43,16.13,75.11,16.67,7.35,876.6,3.631
Uttar Pradesh,Soybean,Zaid,782.53,24.93,30.57,16.19,70.03,5.35,97.67,45.2,48.8,3.09,8.62,763.25,4.393
Karnataka,Barley,Zaid,1100.75,23.53,32.78,18.14,54.24,6.66,66.02,18.06,54.89,22.69,11.23,409.56,4.356
Karnataka,Wheat,Kharif,645.57,19.21,23.84,11.93,85.71,5.89,117.26,33.11,61.63,10.92,12.7,1108.52,5.372
Maharashtra,Wheat,Zaid,930.15,30.92,38.54,24.73,62.05,7.09,43.97,16.51,31.98,20.62,4.67,1107.69,4.567
Maharashtra,Wheat,Zaid,952.97,27.73,35.48,21.7,57.2,6.72,97.78,29.99,20.62,7.33,8.85,1193.49,5.772
Uttar Pradesh,Cotton,Kharif,719.34,39.98,48.75,31.65,72.3,6.62,77.49,18.57,33.57,8.54,5.18,946.37,3.08
Uttar Pradesh,Maize,Zaid,804.19,36.59,40.99,27.82,50.85,6.02,86.89,48.21,19.45,15.39,2.49,957.24,4.559
Uttar Pradesh,Cotton,Rabi,1205.92,18.91,23.45,11.35,69.65,6.57,72.09,32.81,56.58,24.37,12.18,1158.52,4.649
Bihar,Rice,Kharif,689.54,27.96,34.58,22.48,67.37,7.04,74.8,24.47,28.44,21.95,7.97,525.44,5.209
Punjab,Cotton,Zaid,675.15,31.98,38.13,26.75,93.34,7.12,114.3,57.33,48.02,17.46,12.57,757.45,4.135
Bihar,Maize,Rabi,649.56,25.57,34.09,17.35,69.24,6.83,88.53,34.72,73.08,21.01,7.56,866.86,5.433
Haryana,Barley,Kharif,744.06,23.9,33.21,19.55,77.86,5.75,21.62,29.08,72.73,9.28,10.31,765.66,3.853
Maharashtra,Maize,Kharif,553.51,24.34,30.82,19.19,67.9,6.76,67.52,46.6,30.59,14.78,13.03,729.3,4.897
Bihar,Cotton,Zaid,743.9,25.78,32.28,19.44,81.59,6.57,22.59,47.1,52.98,3.87,4.29,811.03,3.545
Uttar Pradesh,Soybean,Kharif,448.28,30.95,35.41,23.27,81.97,6.07,114.36,53.19,26.94,1.91,13.08,369.3,3.211
Punjab,Soybean,Kharif,678.46,23.19,28.32,16.61,56.16,6.49,83.49,20.1,54.64,7.58,10.38,970.62,3.977
Bihar,Maize,Rabi,985.26,26.17,30.46,17.85,56.28,6.87,116.48,17.4,33.42,13.34,6.74,625.94,5.148
Bihar,Soybean,Zaid,945.84,26.28,34.86,22.19,65.83,6.35,113.01,48.59,73.13,18.72,8.86,373.06,4.355
Karnataka,Soybean,Rabi,582.06,23.59,28.99,17.17,38.49,6.72,66.69,52.89,49.27,22.77,14.53,248.99,3.307
Bihar,Barley,Kharif,1422.71,21.69,26.98,13.64,52.04,6.51,107.16,11.46,60.25,17.05,5.15,312.72,5.031
Bihar,Barley,Rabi,789.62,25.94,34.94,21.32,64.81,6.12,96.36,30.44,56.77,6.2,11.77,1001.67,4.739
Karnataka,Soybean,Kharif,869.51,25.11,32.81,18.03,63.12,6.8,42.53,42.03,60.57,10.63,6.91,323.54,4.592
Bihar,Cotton,Zaid,650.86,21.51,25.62,15.55,63.38,6.07,28.11,32.59,20.14,9.65,11.65,458.25,2.979
Uttar Pradesh,Soybean,Rabi,560.4,30.3,34.49,25.74,91.97,7.93,24.11,57.25,42.8,21.05,3.72,537.81,3.974
Maharashtra,Barley,Kharif,861.13,21.95,29.85,12.93,55.72,5.78,80.12,40.35,53.27,18.23,12.74,429.6,5.002
Bihar,Cotton,Kharif,915.98,23.79,29.88,14.33,69.96,7.0,65.85,23.52,44.89,10.57,0.6,958.58,3.607
Haryana,Wheat,Zaid,979.01,18.06,23.94,12.67,74.14,6.49,57.54,12.02,67.81,20.3,7.61,1038.9,4.822
Karnataka,Wheat,Kharif,688.35,17.7,27.53,11.57,50.7,6.53,108.39,10.75,73.98,2.01,11.41,493.65,5.161
Punjab,Cotton,Zaid,954.71,22.6,30.01,16.91,60.11,6.29,118.02,31.99,39.35,24.34,14.16,1126.95,4.653
Bihar,Wheat,Rabi,659.05,30.09,40.0,21.03,70.82,8.13,108.21,25.05,60.27,3.39,2.97,947.37,5.119
Karnataka,Barley,Zaid,751.78,16.57,21.85,6.96,70.4,5.88,105.96,32.54,16.62,24.34,0.65,1056.13,4.979
Punjab,Maize,Kharif,570.0,31.67,39.11,26.13,60.78,6.71,112.06,54.62,55.13,24.15,5.94,287.97,5.379
Bihar,Maize,Zaid,858.48,19.38,26.13,15.31,66.65,7.0,65.15,51.9,56.86,9.44,10.93,519.61,4.791
Maharashtra,Wheat,Kharif,1014.97,35.05,42.83,28.75,64.7,6.69,24.16,20.25,60.53,11.96,7.26,202.4,4.481
Uttar Pradesh,Cotton,Zaid,826.72,20.58,27.83,13.76,69.13,6.71,42.07,45.7,30.85,1.28,1.58,246.54,3.58
Bihar,Soybean,Kharif,741.37,23.64,29.71,14.71,62.61,5.99,57.49,31.49,26.21,9.64,5.38,693.81,4.079
Maharashtra,Wheat,Rabi,987.75,27.33,36.66,19.16,73.28,6.88,74.15,13.69,61.44,4.48,10.16,600.71,5.322
Karnataka,Wheat,Kharif,446.21,22.21,26.85,15.95,78.06,6.79,88.41,31.27,43.73,6.04,2.49,215.84,4.304
Maharashtra,Maize,Rabi,840.28,23.51,29.06,16.95,72.21,5.38,90.05,54.81,30.26,16.7,13.4,508.5,4.812
Maharashtra,Wheat,Zaid,969.68,26.33,34.41,17.13,57.97,7.04,43.36,31.1,64.95,12.82,8.02,809.03,5.609
Uttar Pradesh,Cotton,Zaid,533.31,28.03,36.99,21.15,70.14,6.84,85.01,16.09,49.03,3.21,12.96,762.38,3.548
Haryana,Cotton,Zaid,449.9,26.84,36.19,17.53,64.28,5.39,79.62,35.62,66.83,3.2,11.85,1012.23,3.07
Maharashtra,Soybean,Zaid,740.68,23.56,28.51,17.7,77.9,7.13,85.21,39.54,20.57,11.13,13.41,561.64,3.867
Punjab,Soybean,Rabi,823.32,27.67,34.4,20.03,53.2,8.09,37.87,16.15,41.5,24.37,10.65,816.27,3.356
Haryana,Maize,Kharif,1176.22,29.4,37.67,20.54,69.73,5.16,48.8,11.15,78.01,20.95,6.36,1092.42,5.002
Uttar Pradesh,Barley,Kharif,871.85,23.55,27.96,18.44,61.3,8.21,43.59,50.29,77.39,7.63,14.0,1017.92,4.815
Punjab,Wheat,Zaid,670.85,28.01,32.24,19.49,44.23,7.0,82.6,34.62,16.52,22.3,2.64,1029.69,5.895
Punjab,Rice,Kharif,1134.31,27.24,32.11,22.2,72.51,6.43,36.08,13.23,40.37,24.19,4.97,924.24,5.892
Karnataka,Cotton,Rabi,1132.87,24.05,32.35,19.32,69.69,6.5,44.1,58.57,44.62,21.76,0.84,1080.06,4.477
Karnataka,Barley,Rabi,850.51,27.13,32.34,17.49,63.13,5.58,59.38,26.83,47.38,22.28,13.18,375.67,4.494
Karnataka,Wheat,Zaid,648.95,22.61,30.48,16.96,49.89,6.46,52.58,32.2,78.24,21.5,10.63,504.02,5.126
Uttar Pradesh,Maize,Rabi,946.74,33.77,40.82,24.07,45.69,7.48,50.14,36.08,44.32,0.63,14.06,1104.04,5.173
Maharashtra,Maize,Kharif,651.28,17.55,24.62,13.08,59.51,5.67,109.59,43.27,78.9,14.38,1.73,677.76,4.915
Punjab,Barley,Zaid,594.69,25.72,34.56,18.66,58.81,5.18,23.41,40.22,55.1,5.61,6.98,206.19,3.705
Karnataka,Rice,Zaid,946.87,23.01,31.06,14.56,80.63,6.5,69.63,30.37,53.08,19.92,7.39,1195.17,6.468
Karnataka,Cotton,Kharif,917.79,29.19,35.24,21.08,64.94,7.15,92.16,25.59,39.78,2.86,12.25,1060.27,3.874
Uttar Pradesh,Soybean,Zaid,734.35,33.57,43.55,29.54,60.13,6.12,115.73,26.9,38.46,21.09,10.8,800.52,3.849
